link,date_time,original_text,length,geo_hint,engagement_signal,product_hint,stage,primary_breakdown_point,channel,root_cause,emotion,emotion_severity,summary_insight,actionability_score_5,fixability_score_5,evidence_strength
https://twitter.com/uttadosa_GmbH/status/2059319780289712465#m,"May 26, 2026","HDFC ERGO is best but Expensive. ICICI Lombard is generally cheaper than HFDC and claims settlements are as good, benefits are enough. Star & Tata won't even stand a chance to be considered. Bottom line, if your relationship manager is good and helpful, either of them are fine.",278,unknown,1,health,Servicing & Policy Admin,Claims Experience,Agent / Advisor,Product Design or Complexity,Confusion,Medium,"Event: Comparison of health insurance providers. Process: Evaluating ICICI Lombard's cost and claim settlement against HDFC ERGO. Outcome: ICICI Lombard is considered cheaper with adequate benefits, and claims settlement is deemed good.",2,3,Medium
https://twitter.com/Aks_optimistic/status/2059252084336402434#m,"May 26, 2026","Health insurance companies talk about “data privacy” while customers’ policy details are openly circulating in the market.  My HDFC ERGO policy renewal is due on 2nd June, and I’m getting nonstop calls every day from ICICI Lombard, Care, and other insurers. @HDFCERGOGIC @PMOIndia",280,unknown,4,health,Servicing & Policy Admin,Claims Experience,Digital / App / Website,Misrepresentation / Incomplete Explanation,Anger,High,"Event: Policy renewal approaching. Process: Customer is receiving continuous calls from ICICI Lombard and other insurers regarding policy details. Outcome: Customer expresses frustration about data privacy concerns and unsolicited calls, implying a potential data breach or misuse.",3,2,Medium
https://twitter.com/Rohitku2648/status/2058062420216836237#m,"May 23, 2026","@ICICILombard  Very disappointed with ICICI Lombard claim handling. I submitted my scooter on 4 May and fully cooperated, yet I’m still facing repeated queries and delays. This experience has been frustrating and far from the service customers expect. Kindly resolve this issue .",279,unknown,1,unknown,Claims Experience,Claims Handling,Claims / TPA,Process / Documentation Friction,Anger,Medium,"Submitted scooter on 4 May and fully cooperated, yet still facing repeated queries and delays. This experience has been frustrating and far from the service customers expect. Kindly resolve this issue.",3,3,Medium
https://twitter.com/khalsa2016/status/2057805806222164134#m,"May 22, 2026",Policy cancelled: We have processed the cancellation of your Health policy no. 4128i/HSNR/126704947/08/000. The policy is cancelled with no refund as per policy terms and conditions. call us at 18002666. Team ICICI Lombard @ICICIBank_Care @ICICIBank I want my refund immediately,278,unknown,0,health,Servicing & Policy Admin,Policy Cancellation,Unknown,Process / Documentation Friction,Anger,High,Event: Policy cancellation processed. Process: Customer contacted ICICI Lombard for refund. Outcome: Policy cancelled with no refund as per terms and conditions.,2,1,Medium
https://twitter.com/rajat191981/status/2057487728410026218#m,"May 21, 2026","I already purchased the policy and details shared with customer care, so o request you to refund the amount. I am not interested in continuing the policy with icici Lombard as well. Refund the amount with the way received the payment or let me know I'll share an account detail",277,unknown,3,unknown,Early Regret / Exit Intent,Refund Request,Branch / Customer Service,Misrepresentation / Incomplete Explanation,Resignation,Medium,Event: Policy purchased. Process: Customer shared details with customer care and requested a refund. Outcome: Customer is not interested in continuing the policy and wants a refund.,3,2,Medium
https://twitter.com/MangoMan302/status/2057272741687140536#m,"May 21, 2026",@ICICILombard MOT17620913 Claim Rejected By ICICI Lombard. Genuine Claims being rejected by giving generic response. No physical inspection and proper survey of the vehicle. Please don’t purchase policy of ICICI Lombard Broker @pb_care @policybazaar is also not helping,269,unknown,1,motor,Claims Experience,Claims,Agent / Advisor,Misrepresentation / Incomplete Explanation,Anger,High,Claim Rejected By ICICI Lombard. Genuine Claims being rejected by giving generic response. No physical inspection and proper survey of the vehicle.,3,2,Medium
https://twitter.com/kishoritu1434/status/2057101216631627891#m,"May 20, 2026",But No One in your team Answer for the same and I am face this situation from one month   I had buy ICICI Lombard insurance from 2023   And when I claim your team not take single responsibility of this   में सभी को अनुरोध करता हु के  अगर पाॅसिबल है तो किसी और कंपनी से खरीदे,274,unknown,2,unknown,Claims Experience,Claims,Unknown,Process / Documentation Friction,Resignation,High,I had buy ICICI Lombard insurance from 2023 And when I claim your team not take single responsibility of this.,2,1,Low
https://twitter.com/vedant_parab_/status/2057064650651660379#m,"May 20, 2026","Purchased insurance via CRED on 1st May (ICICI Lombard). Paid ₹10,247. KYC & inspection done, yet policy not issued till date.  Following up since 4th May. Every time I’m told to wait 24–48 hrs. It’s now 20th May..no policy, no cancellation, no refund. @CRED_club @CRED_support",277,unknown,3,unknown,Onboarding & Policy Understanding,Servicing & Policy Admin,Digital / App / Website,Process / Documentation Friction,Confusion,High,"Purchased insurance via CRED on 1st May (ICICI Lombard). Paid ₹10,247. KYC & inspection done, yet policy not issued till date. Following up since 4th May. Every time I’m told to wait 24–48 hrs. It’s now 20th May..no policy, no cancellation, no refund.",4,3,Medium
https://twitter.com/rohit_nandurkar/status/2057044727846027547#m,"May 20, 2026","One of the worst experiences with ICICI Lombard cashless health insurance. Our family, including children, was discharged from the hospital but has been waiting since 9 AM for approval. Multiple follow-ups, still no resolution. Extremely disappointing service. @ICICILombard",274,unknown,2,health,Servicing & Policy Admin,Claims Experience,Claims / TPA,Process / Documentation Friction,Confusion,High,"Event: Family discharged from hospital. Process: Waiting since 9 AM for cashless health insurance approval from ICICI Lombard, multiple follow-ups. Outcome: No resolution, extremely disappointing service.",3,3,Medium
https://twitter.com/Policygaido/status/2057001702797267285#m,"May 20, 2026",We regret hearing about your ICICI Lombard claims 226002996500 and 226002997200 rejected after full investigation (docs collected + site visit completed). Post-investigation rejections violate IRDAI due process standards. fairclaims has helped 50+ customers win consumer court appeals. Your claims are valid. DM us.,315,unknown,0,unknown,Servicing & Policy Admin,Claims Experience,Claims / TPA,Process / Documentation Friction,Resignation,High,"Event: ICICI Lombard claims 226002996500 and 226002997200 rejected. Process: Full investigation, docs collected, site visit completed. Outcome: Post-investigation rejections.",3,2,High
https://twitter.com/kishoritu1434/status/2056733160696938907#m,"May 19, 2026",I had claim for my car and ICICI Lombard rejecte it wrongly.  I request all kindly clear your condition and than buy insurance   If possible than pls buy insurance from responsible company who is care for customer,213,unknown,1,car,Servicing & Policy Admin,Claims Experience,Claims / TPA,Process / Documentation Friction,Anger,High,Event: Claim for car. Process: ICICI Lombard rejected the claim wrongly. Outcome: Claim rejection.,3,2,Medium
https://twitter.com/varpa2010/status/2056047066875625855#m,"May 17, 2026","भाई के वाइफ का 2 वाल्व रिप्लेसमेंट करवाना था Apollo hospital Lucknow mein, हुआ ये था कि उसका icici Lombard से हेल्थ इंश्योरेंस था 25 लाख का पर पॉलिसी 1 साल पुरानी थी और बीमारी डिटेक्ट हुई थी 6 महीने पहले तो कायदे से उसको लाभ मिलना चाहिए था, सारे डॉक्यूमेंट्स प्रॉपर चेक्स के साथ दिए थे थर्ड पार्टी सर्वे करने वाले ने भी हॉस्पिटल आके पूरा वेरिफिकेशन किया था फिर भी insufficient इंफॉर्मेशन ka Mail करके रिजेक्ट कर दिया। मल्टीपल time customer care se baat ki par koi response nahi aaya tha, insufficient information wale pe baat kiya to bole the sab ki call aayegi aapko details bata di jayegi par kuch nahi bataya.",612,"Lucknow, India",2,health,Claims Experience,Claims Rejection,Claims / TPA,Process / Documentation Friction,Resignation,High,"Event: Wife's 2 valve replacement surgery. Process: Had ICICI Lombard health insurance (1 year old policy, illness detected 6 months prior), submitted all documents, third-party surveyor verified. Outcome: Claim rejected due to insufficient information, with no response from customer care despite multiple calls.",4,3,Medium
https://twitter.com/meetnena2/status/2055479436200591810#m,"May 16, 2026",@ICICILombard more than three month pass but ICICI Lombard is not refund my money because we had already cancel this policy but there is a no helpline number where we can talk nor they will call and revet us,207,unknown,1,unknown,Servicing & Policy Admin,Refund Delay,Unknown,Process / Documentation Friction,Resignation,Medium,"Event: Policy cancellation. Process: More than three months have passed since cancellation. Outcome: ICICI Lombard has not refunded the money, and there is no helpline number or response.",4,3,Low
https://twitter.com/gakhar_anuj/status/2055470416957985261#m,"May 16, 2026","poor experience with @ICICILombard & @MaxHealthcare.Booked a health checkup for 9 AM through ICICI Lombard app. Phlebotomist arrived at 7 AM instead, waking up the entire house early morning.Even a sick family member got disturbed. #ICICILombard #MaxHealthcare #CustomerExperience",280,unknown,0,health,Servicing & Policy Admin,Service Request,Digital / App / Website,Process / Documentation Friction,Anger,Medium,"Event: Booked a health checkup. Process: Phlebotomist arrived 2 hours early via ICICI Lombard app. Outcome: Disturbed the entire household, including a sick family member.",3,3,Medium
https://twitter.com/a3mit/status/2055258482090422341#m,"May 15, 2026",Not sure whats the problem to share the details of settlement.a proper bill level summary. icici lombard settled my claims for Rs 3 Lakh without even seeing the original documents. I am discontinuing my 3 policies with CARE now.,228,unknown,2,health,Claims Experience,Claim Settlement,Claims / TPA,Process / Documentation Friction,Resignation,High,Event: Claim settlement. Process: ICICI Lombard settled claims for Rs 3 Lakh without seeing original documents. Outcome: Customer is discontinuing 3 policies with CARE (implying dissatisfaction with the settlement process or outcome).,2,2,Medium
https://twitter.com/Kaifkhan214/status/2055243657222168817#m,"May 15, 2026",@ICICILombard @ICICIDirectcare @ICICIBank @ICICI_Direct I would request all customers not to take ICICI Lombard insurance. It is very poor and creates a lot of problems while giving claims. Please do not choose this insurance.,226,unknown,0,unknown,Servicing & Policy Admin,Service Request,Unknown,Misrepresentation / Incomplete Explanation,Anger,High,Event: Customer sought insurance from ICICI Lombard. Process: The insurance is described as very poor and creates problems during claims. Outcome: Customer advises others not to choose this insurance.,1,1,Low
https://twitter.com/Policygaido/status/2054885624486715774#m,"May 14, 2026","⚠️ Here is what could be happening: Because your Elevate policy is only 11 months old, ICICI Lombard saying ""History ailment not clear"" means they have launched a Pre-Existing Disease (PED) investigation. Kidney issues often progress silently over years, so they are actively looking for proof you knew about it before buying the policy.",337,unknown,1,health,Claims Experience,Claims Processing,Claims / TPA,Misrepresentation / Incomplete Explanation,Confusion,High,"ICICI Lombard is investigating a pre-existing condition ('History ailment not clear') for a kidney issue on an 11-month-old Elevate policy, implying they suspect the policyholder knew about it before purchase.",3,2,Medium
https://twitter.com/aditya5888/status/2054825274060177552#m,"May 14, 2026","@ICICILombard @irdainsurance @MantriSanjeev We have already served notice to ICICI Lombard, but there is still no proper response or resolution.  My claim has been pending since Dec 2025. Really unable to understand what IRDAI India is doing for policyholders.",260,unknown,1,unknown,Claims Experience,Claims Processing,Unknown,Process / Documentation Friction,Anger,High,"The customer's claim with ICICI Lombard has been pending since December 2025, despite serving notice, indicating a lack of proper response or resolution.",4,3,Medium
https://twitter.com/NIKHILLJHA/status/2054754952590057930#m,"May 14, 2026","ICICI Lombard is doing massively well in its health insurance part  Under the new CEO, ICICI Lombard has completely reformed all products,  Led by 1. ICICI Lomard Elevate(Base policy) 2. ICICI Lombard Activate booster(Super top up) 3. ICICI Lombard Critishield(Critical illness policy)  Driven by these products, ICICI Lombard has a growth of 54% in FY26,  This growth is massive and will continue in FY27,  Over the last few years, We have seen ICICI Lombard helping customers with genuine claims, We dont find any malicious intent in the company to knowingly reject claims,  In fact, one of the very top officials told us, ""We are ready to pay the claim when it's genuine and meets all terms and conditions of the policy.""  Very, very happy with the claim and underwriting support at ICICI Lombard  P.S. We never do a paid post. Just genuinely happy with ICICI Lombard,",871,unknown,19,health,Servicing & Policy Admin,Claims Experience,Unknown,Unknown,Resignation,Medium,"ICICI Lombard has reformed all products and is helping customers with genuine claims, with no malicious intent to knowingly reject claims. A top official stated they are ready to pay genuine claims meeting policy terms and conditions. The user is very happy with the claim and underwriting support at ICICI Lombard.",2,3,Medium
https://twitter.com/drprashantmish6/status/2054564178913091728#m,"May 13, 2026","Now a days i feel PSU insurance are much better , private players are now going towards Star and care direction  but avoid Star and Care , although i am having ICICI lombard but I feel New India insurance and National Insurance are much better then private players .",266,unknown,13,unknown,Servicing & Policy Admin,Claims Experience,Unknown,Unknown,Resignation,Medium,"The user feels PSU insurance are better than private players like ICICI Lombard, Star, and Care. They are having ICICI Lombard but believe New India Insurance and National Insurance are much better.",1,1,Medium
https://twitter.com/ICICILombard/status/2054486054766354901#m,"May 13, 2026","Dear Harendra,  Thank you for contacting ICICI Lombard.  We have received your case addressed and have noted the details with regard to claim number 22xxxxxxx108.  We are reviewing the case and you can expect an update from us within next 2 working days.  We appreciate your patience and assure you of our full attention to the matter.",335,unknown,0,unknown,Servicing & Policy Admin,Claims Experience,Unknown,Unknown,Resignation,Medium,"ICICI Lombard has received a claim number and is reviewing the case, expecting an update within 2 working days. They appreciate the user's patience and assure full attention.",4,5,Medium
https://twitter.com/OmPraka28211743/status/2054288040974246101#m,"May 12, 2026",Hello icici lombard team my operation schedule for admit 13/05/2026 and my surgery will done on 14/05/2026. After surgery I will file case on consumer forum and taken legal action. @MoHFW_INDIA @rashtrapatibhvn. After so many tries you give same reply,251,unknown,1,unknown,Servicing & Policy Admin,Claims Experience,Unknown,Process / Documentation Friction,Anger,High,"The user's operation schedule for admission is 13/05/2026 and surgery on 14/05/2026. After surgery, they plan to file a case in the consumer forum and take legal action against ICICI Lombard due to receiving the same reply after multiple tries.",1,1,Medium
https://twitter.com/lovesunnysingh/status/2054111993402171576#m,"May 12, 2026","@ICICILombard Dear ICICI Lombard Team, I am writing to express my extreme dissatisfaction with the continuous delay and the conflicting information provided regarding my OPD reimbursement claim. Policy Number: 100042396500 Interaction ID: 9160320264637 / 924042026772.arrangeacal",279,unknown,2,health,Servicing & Policy Admin,Claims Experience,Claims / TPA,Process / Documentation Friction,Anger,High,Event: OPD reimbursement claim. Process: Continuous delay and conflicting information provided. Outcome: Extreme dissatisfaction with the claim process.,3,3,Medium
https://twitter.com/BunnyGadh/status/2053776835335594048#m,"May 11, 2026",@jagograhakjago @ijournal @ICICILombard @MoHFW_INDIA @AndheriLOCA @zoru75 @TheDeshBhakt @mymalishka @RBI @ICICIBank_Care @timesofindia @mid_day ICICI LOMBARD is failing time and again to renew my policy and now sitting in their office since an hour. VERY POOR SERVICE.,268,Andheri,2,general,Servicing & Policy Admin,Policy Renewal,Branch / Customer Service,Process / Documentation Friction,Anger,High,Event: Policy renewal. Process: Failing to renew policy and sitting in their office for an hour. Outcome: Very poor service.,3,3,Medium
https://twitter.com/AnshulKhanna9/status/2053499123178066183#m,"May 10, 2026",@ICICILombard  i have written several emails for sharing my companies MIS but whether it is lokpal or any senior grievance officer nobody is responding to my emails I have been doing them for last few month. We are a corporate client of icici Lombard for last ३ yrs & prior also,278,unknown,0,unknown,Servicing & Policy Admin,Policy Administration,Unknown,Communication / Language Barrier,Resignation,Medium,"Event: Corporate client for 3 years. Process: Written several emails for sharing company MIS, but no response from lokpal or senior grievance officer for last few months. Outcome: No response to emails.",2,2,Medium
https://twitter.com/ranadastidar/status/2053463348478648576#m,"May 10, 2026","@ICICILombard Ported my 20-year-old health insurance policy to ICICI Lombard with trust, but at the time of medical emergency you rejected my claim. This is nothing but harassment of customers mentally and financially during critical situations. Stop cheating customers.",270,unknown,0,health,Claims Experience,Claims Rejection,Unknown,Misrepresentation / Incomplete Explanation,Betrayal,High,"Ported a 20-year-old health insurance policy to ICICI Lombard, but the claim was rejected during a medical emergency, leading to customer harassment.",2,1,Medium
https://twitter.com/ranadastidar/status/2053461039665312062#m,"May 10, 2026","@PBHelpDesk Ported my 20+ years old health policy to ICICI Lombard through Policybazaar. At claim time, ICICI Lombard rejected it and no support from Policybazaar. Customers deserve support, not harassment during medical emergencies. #Policybazaar #ICICILombard",261,unknown,2,health,Claims Experience,Claims Rejection,Agent / Advisor,Misrepresentation / Incomplete Explanation,Betrayal,High,"Ported a 20+ year old health policy to ICICI Lombard through Policybazaar; ICICI Lombard rejected the claim at the time of medical emergency, and Policybazaar offered no support.",2,1,Medium
https://twitter.com/AmitMishra4All/status/2052796517040500970#m,"May 8, 2026","Never take any Policy from ICICI Lombard Insurance.They are thugs who betray u at d crunch moment and u r forced 2 pay from your pocket to be discharged from the hospital. I had the sour experience, don't be a sufferer like me as they don't care your ill-health & make most of it.",280,unknown,1,health,Claims Experience,Claims Rejection,Unknown,Misrepresentation / Incomplete Explanation,Betrayal,High,"Customer advises against buying any policy from ICICI Lombard, stating they are betrayed at a crunch moment and forced to pay from their pocket for hospital discharge, having had a sour experience where the insurer made the most of their ill-health.",2,1,Medium
https://twitter.com/soniakhil1992/status/2052330452984410358#m,"May 7, 2026","Despite being a policyholder, only the rear bumper is being covered under claim MOT17587271 even though both front & rear were damaged in the accident. This has been a very bad experience with ICICI Lombard. I will never recommend or suggest your insurance to anyone.",267,unknown,0,unknown,Claims Experience,Claims Processing,Claims / TPA,Misrepresentation / Incomplete Explanation,Anger,High,"Event: An accident occurred where both front and rear bumpers were damaged. Process: A claim was filed with ICICI Lombard (claim MOT17587271). Outcome: Only the rear bumper was covered, despite both being damaged, leading to a negative experience and a vow not to recommend the insurer.",3,2,Medium
https://twitter.com/AarifSpeaks/status/2052266261594394667#m,"May 7, 2026","Praveen Kumar's experience renewing scooter insurance in 2024 only to face extensive delays, paperwork demands, and partial claim approval of ₹15,600 against a ₹27,000 repair estimate after an accident. Images illustrate the story with a photo of the man, a smartphone screenshot displaying the approved ₹15,600 amount, and the ICICI Lombard scooter policy document showing coverage details",390,unknown,0,health,Claims Experience,Claims Processing,Claims / TPA,Process / Documentation Friction,Resignation,Medium,"Praveen Kumar experienced extensive delays and paperwork demands for a scooter insurance renewal in 2024, resulting in a partial claim approval of ₹15,600 against a ₹27,000 repair estimate after an accident with ICICI Lombard.",3,3,Medium
https://twitter.com/DivaDevs/status/2051984163880972292#m,"May 6, 2026","@ICICILombard My family and I chose ICICI Lombard for our health insurance, but you guys have the worst customer service!  Unable to connect with your advisors, and instead I am only connected to your bot Riya instead.  As a customer it’s very frustrating!",256,unknown,1,health,Servicing & Policy Admin,Customer Service,Digital / App / Website,Communication / Language Barrier,Anger,High,"A family chose ICICI Lombard for health insurance but experienced frustration due to the worst customer service, being unable to connect with advisors and only reaching a bot named Riya.",2,2,Medium
https://twitter.com/ansh__bx/status/2051967996667863505#m,"May 6, 2026","you recommend ICICI Lombard elevate I have that , My wife diagnosed with CML on  June 25 the diagnosis was done based on the Blood test done with the free test offered in the policy , I informed them after that also asked for opd claim now on renewal also I informed them",271,unknown,2,health,Claims Experience,Claims Processing,Agent / Advisor,Process / Documentation Friction,Confusion,Medium,The customer has ICICI Lombard Elevate policy and informed them after his wife was diagnosed with CML on June 25 based on a free blood test offered by the policy. He also asked for OPD claim and informed them again during renewal.,3,3,Medium
https://twitter.com/lalit1717/status/2051955721588363701#m,"May 6, 2026","Harassment by @ICICILombard  Patient ready to release by hospital but due to unnecessary delay by icici lombard team, patient and relatives are waiting since hours at hospital. Worst service ever. Boycott @ICICILombard",218,unknown,1,health,Claims Experience,Claims Processing Delay,Claims / TPA,Process / Documentation Friction,Anger,High,"Patient ready to be released by hospital but due to unnecessary delay by ICICI Lombard team, patient and relatives are waiting since hours at hospital.",3,2,Medium
https://twitter.com/ajitgurnani/status/2051918042171679179#m,"May 6, 2026",I have submitted the originals at the customer service desk of  ICICI Lombard head office at Prabhadevi Mumbai- after speaking to the executive at the desk. He confirmed that he is couriering the originals to the office in Hyderabad. Attaching a picture of the bar code,269,"Mumbai, India",2,unknown,Servicing & Policy Admin,Document Submission,Branch / Customer Service,Process / Documentation Friction,Confusion,Medium,"Customer submitted original documents at ICICI Lombard head office customer service desk, and the executive confirmed he is couriering them to the Hyderabad office.",3,3,Medium
https://twitter.com/RahulAg63377229/status/2051875311768449288#m,"May 6, 2026",@ICICILombard @getpazcare ....  Do you take customers seriously? My case is pending since last week with no callback or resolution. This experience has been extremely disappointing. I’ll reconsider ICICI Lombard insurance and advise my friends/family likewise. #ApproveMyClaim,276,unknown,1,unknown,Claims Experience,Claim Processing Delay,Unknown,Process / Documentation Friction,Betrayal,High,"Customer's case is pending since last week with no callback or resolution from ICICI Lombard and Pazcare, leading to disappointment and reconsideration of insurance.",2,2,Medium
https://twitter.com/shivangtwits/status/2051530806313861208#m,"May 5, 2026","@ICICILombard @ICICIDirectcare My VW car is stuck at PPS Motors, Khajaguda (Hyd) under claim MOT17564331. 10+ days, no response from ICICI Lombard surveyor. Calls unanswered from both sides. Need urgent resolution.  My daily ritual.",232,"Khajaguda, Hyderabad, India",4,motor,Claims Experience,Claims Processing Delay,Claims / TPA,Process / Documentation Friction,Anger,High,"The user's VW car is stuck at a service center under claim MOT17564331, with no response from the ICICI Lombard surveyor for over 10 days. Calls are unanswered, and urgent resolution is needed.",4,3,Medium
https://twitter.com/RajaKumar947294/status/2051304656421466405#m,"May 4, 2026","@ICICILombard @airtelbank @RBI @HDFCLIFE @HDFCERGOGIC @aajtak @ZeeNews @indSupremeCourt  ICICI Lombard and Airtel Payments Bank have colluded to defraud me. I have submitted all the necessary documents related to the claim; yet, they have been harassing me for the past two years.",280,unknown,5,unknown,Claims Experience,Claim Harassment,Unknown,Process / Documentation Friction,Anger,High,"The user alleges that ICICI Lombard and Airtel Payments Bank have colluded to defraud them, and despite submitting all necessary documents for a claim, they have been harassed for two years.",3,2,Medium
https://twitter.com/ErDushyantG/status/2051280721499828649#m,"May 4, 2026","@CRED_support I purchased a Motor Insurance policy 3001/O/396763810/00/000 from ICICI Lombard through your app while in India. My wife had an accident, and my insurance claim has been rejected by the ICICI surveyor, saying that the policy issued has discrepancies. Please help.",277,India,1,motor,Claims Experience,Claim Rejection,Digital / App / Website,Misrepresentation / Incomplete Explanation,Betrayal,High,"The user purchased a motor insurance policy from ICICI Lombard through the CRED app. Their wife had an accident, but the claim was rejected by the ICICI Lombard surveyor due to alleged discrepancies in the policy.",3,2,Medium
https://twitter.com/LeekhaVarun/status/2051236079752376655#m,"May 4, 2026","🚨 Unfair Insurance Claim Rejection 🚨    My motor insurance claim (No. MOT17351626) with ICICI Lombard has been wrongfully rejected citing vague “misrepresentation” without any proof or details.    No survey report shared. No clear explanation given. Just a generic denial of a genuine claim.   This is not just about one claim it’s about accountability and fair treatment of policyholders.    I have escalated the matter and am approaching the Insurance Ombudsman.   No response from Icici lombard even after several mails  @ICICILombard policyholders deserve transparency, not arbitrary rejections.  @ICICILombard @ICICIBank_Care @icicipolicyholders @ICICILombard @irdaindia @irdainsurance @jagograhakjago @ConsumerReports @ConsumerRightX deserve transparency, not arbitrary rejections.  #InsuranceClaim #ConsumerRights #UnfairPractice #IRDAI #Accountability",859,unknown,0,motor,Claims Experience,Claim Rejection,Unknown,Misrepresentation / Incomplete Explanation,Anger,High,The user's motor insurance claim (No. MOT17351626) with ICICI Lombard was wrongfully rejected for 'misrepresentation' without proof or survey report. The user has escalated the matter to the Insurance Ombudsman and notes no response from ICICI Lombard after several emails.,4,3,Medium
https://twitter.com/MohitGu67836048/status/2050932028863074460#m,"May 3, 2026",@ICICILombard @LombardICICI @irdaindia @irdainsurance @PMOIndia  सभी नागरिकों से मेरी अपील है कि आप लोग ICICI Lombard से हेल्थ इंश्योरेंस बिल्कुल भी ना करें ये लोग क्लेम के वक्त बहुत परेशान करते हैं और आपका क्लेम क्लेम भी रिजेक्ट कर देते हैं कृपया कंसर्न डिपार्टमेंट ध्यान दे,275,unknown,0,health,Claims Experience,Claims Rejection,Unknown,Process / Documentation Friction,Anger,High,"Event: Health insurance policy with ICICI Lombard. Process: Filed a claim. Outcome: Claim was rejected, causing distress and a warning to others.",4,3,Medium
https://twitter.com/MohitGu67836048/status/2050928119637483858#m,"May 3, 2026","@ICICILombard @LombardICICI @irdaindia @irdainsurance @PMOIndia  सभी की जानकारी के लिए आप लोग कृपया ICICI Lombard से अपना हेल्थ इंश्योरेंस बिल्कुल भी ना करें, यह लोग क्लेम के वक्त आपका क्लेम रिजेक्ट कर देते हैं, कृपया सावधान रहे हैं ,आम नागरिक बस हर साल प्रीमियम भरता रहे",271,unknown,0,health,Claims Experience,Claims Rejection,Unknown,Process / Documentation Friction,Resignation,High,"Event: Purchased health insurance from ICICI Lombard. Process: Attempted to claim. Outcome: Claim was rejected, leading to a warning about the insurer's practices and the ongoing burden of premium payments.",4,3,Medium
https://twitter.com/MohitGu67836048/status/2050926816895066605#m,"May 3, 2026","@ICICILombard @LombardICICI @irdaindia @irdainsurance ,@PMOIndia सभी की जानकारी के लिए आप लोग ICICI Lombard से आप अपना हेल्थ इंश्योरेंस बिल्कुल भी ना करें ,ये लोग क्लेम के वक्त परेशान करते हैं, और end आपके क्लेम को रिजेक्ट करदेते हैं। मेरे साथ भी ऐसा ही हुआ है. धन्यवाद",269,unknown,1,health,Claims Experience,Claims Rejection,Unknown,Process / Documentation Friction,Anger,High,"Event: Had a health insurance policy with ICICI Lombard. Process: Faced difficulties during the claims process. Outcome: The claim was ultimately rejected, with the commenter stating this happened to them and warning others.",4,3,Medium
https://twitter.com/balajiworld/status/2049797065316982800#m,"Apr 30, 2026","Like @svembu says, I once returned from USA. I also bought Nexon EV.  Today I spent 6 hours in the sun because @TataMotors didn’t send roadside assistance. My insurer ICICI Lombard helped tow the vehicle. To Prerana Motors who say they’ll do nothing till Monday!",262,USA,28,unknown,Servicing & Policy Admin,Claims Experience,Agent / Advisor,Process / Documentation Friction,Anger,High,"Customer returned from USA, bought Nexon EV, and spent 6 hours in the sun because Tata Motors didn’t send roadside assistance; ICICI Lombard helped tow the vehicle.",3,2,Medium
https://twitter.com/__Amar_S/status/2049764609037627584#m,"Apr 30, 2026","Can I get a call ? I would like to discuss about the pre-existing damaged with evidences , I am not asking for existing damages , if icici Lombard is still unclear about damage I am asking claim for .. I am ready to explain it again..",234,unknown,1,health,Servicing & Policy Admin,Claims Experience,Unknown,Misrepresentation / Incomplete Explanation,Confusion,Medium,"Customer wants to discuss pre-existing damages with evidence, asking for a claim for damages if ICICI Lombard is unclear, and is ready to explain again.",4,3,Medium
https://twitter.com/ICICILombard/status/2049481041388187956#m,"Apr 29, 2026","Dear Amardeep,    Thank you for contacting ICICI Lombard.  We have received your case claim number MOT1XXXXXXX.  We are reviewing the case, and you can expect an update from us within 4 working days.  In case you'd like to connect, you can reach us on 022-66877111, Monday to Friday, between 10 am and 7 pm.  We appreciate your patience and assure you of our full attention to the matter.",388,unknown,0,unknown,Servicing & Policy Admin,Claims Experience,Claims / TPA,Process / Documentation Friction,Resignation,Medium,"ICICI Lombard acknowledges receipt of a claim number (MOT1XXXXXXX) and states they are reviewing the case, expecting an update within 4 working days. They provide a contact number for further assistance.",3,3,Medium
https://twitter.com/a_sajo/status/2049471118197854667#m,"Apr 29, 2026","And I thought it's only me. ICICI Lombard even thinks my insurance expired in 201* (yep, actual figure, replete with a star, as per them) so I need to pay a massive premium almost at par for a new vehicle for a 16 yr old one..",226,unknown,0,unknown,Servicing & Policy Admin,Claims Experience,Digital / App / Website,Misrepresentation / Incomplete Explanation,Anger,High,"The user is complaining that ICICI Lombard believes their insurance expired in 201*, leading to a significantly higher premium for a 16-year-old vehicle, almost equivalent to that of a new vehicle.",2,2,Medium
https://twitter.com/ICICILombard/status/2049453433271337359#m,"Apr 29, 2026","Dear Sir,    We hope you are keeping well.   Thank you for writing to us.  Thank you for writing to us. We acknowledge receipt of your query regarding the difference in the premium amount displayed on the ICICI Lombard application.  We are reviewing the case and you can expect an update from us within 4 working days.  We understand that waiting for a resolution may not have been easy, and we truly value your patience through the process.   Thank you for giving us the opportunity to serve you.",497,unknown,0,unknown,Servicing & Policy Admin,Claims Experience,Digital / App / Website,Process / Documentation Friction,Resignation,Medium,"ICICI Lombard acknowledges a query regarding the difference in premium amount displayed on their application and states they are reviewing the case, expecting an update within 4 working days. They apologize for the wait.",3,3,Medium
https://twitter.com/jitesh_business/status/2048708545173172225#m,"Apr 27, 2026",@ICICILombard Is it really necessary to fall off a bike and get injured just to have a claim taken seriously? Disappointed with the experience from ICICI Lombard — encourage regulator #IRDAI to make the sysyem more pathetic to loot common man of India,251,India,3,unknown,Claims Experience,Claim Denial,Unknown,Misrepresentation / Incomplete Explanation,Anger,High,Fell off a bike and got injured (Event) to have a claim taken seriously. Disappointed with the experience from ICICI Lombard (Process). Encourages regulator #IRDAI to make the system more pathetic to loot common man of India (Outcome).,2,1,Medium
https://twitter.com/bitco1ner/status/2048703562839187964#m,"Apr 27, 2026",Talked to an ICICI Lombard surveyor on the phone who's saying he's on the field and he hasn't checked his system yet.  He's unaware if any bill has been sent to his system for approval.  @ICICILombard became a government job with no accountability ? #icicilombardmatlena,270,unknown,0,unknown,Claims Experience,Claim Processing Delay,Claims / TPA,Process / Documentation Friction,Confusion,Medium,Talked to an ICICI Lombard surveyor on the phone who's saying he's on the field and he hasn't checked his system yet (Event). He's unaware if any bill has been sent to his system for approval (Process). Became a government job with no accountability (Outcome).,3,2,Medium
https://twitter.com/amargetslost/status/2048457331353309543#m,"Apr 26, 2026","Complaint Regarding Motor Claim (MOT17365074)  Dear ICICI Lombard Team,  I am writing to raise a complaint regarding my motor insurance claim (MOT17365074), which remains unresolved despite multiple follow-ups.  My bike met with an accident on 1st March, and I filed a claim…",275,unknown,1,unknown,Claims Experience,Claim Unresolved,Unknown,Process / Documentation Friction,Resignation,Medium,"My bike met with an accident on 1st March (Event), and I filed a claim (Process). The motor insurance claim remains unresolved despite multiple follow-ups (Outcome).",3,2,Medium
https://twitter.com/Sid_is_NSD/status/2048352301853892802#m,"Apr 26, 2026","GST was removed from health insurance which was 18%. ICICI Lombard took the benefit by increasing the the premium by more than 30% saying age and other factor(image). They hv done this 3 out of 4 renewal from 2023 to 2027, increment by 30%, 20k to 41k Need help @JPNadda ji 🥹🙏",276,unknown,1,health,Servicing & Policy Admin,Premium Increase,Unknown,Misrepresentation / Incomplete Explanation,Anger,High,"GST was removed from health insurance, but ICICI Lombard increased the premium by more than 30% citing age and other factors. This happened 3 out of 4 renewals from 2023 to 2027, with the premium increasing from 20k to 41k.",3,2,Medium
https://twitter.com/UMESH_NIKAM/status/2047934611527995712#m,"Apr 25, 2026",U r right Nikhil.I just gave last year Elevate plan  to my client.Early claim came after 6 months. Hospital was non tie up.made reimbursement claim.company investigated claim thoroughly with client. After one month full issuance was given by ICICI LOMBARD.,256,unknown,0,life,Claims Experience,Claim Reimbursement,Agent / Advisor,Process / Documentation Friction,Resignation,Medium,"Gave client the Elevate plan. An early claim came after 6 months. The hospital was non-tie up, so it was a reimbursement claim. ICICI Lombard investigated the claim thoroughly with the client. After one month, full issuance was given by ICICI Lombard.",3,3,Medium
https://twitter.com/bhavisharora2/status/2047335257817432115#m,"Apr 23, 2026","Extremely disappointed with ICICI Lombard Health Insurance. My parents’ policy was canceled without notice, even though I have been paying premiums for years. This feels like a complete injustice after years of loyalty. Request immediate resolution.@ICICILombard @ICICIDirectcare",279,unknown,1,health,Servicing & Policy Admin,Policy Cancellation,Unknown,Misrepresentation / Incomplete Explanation,Betrayal,High,Event: Parents' health policy canceled. Process: Policy canceled without notice despite years of premium payments. Outcome: Customer feels injustice and disappointment.,4,3,Medium
https://twitter.com/JaydeepBorsadia/status/2046863576565235821#m,"Apr 22, 2026",Claim No: 220101530461-1 with ICICI Lombard is still not settled even after the due date (20-Apr-2026). No clear reason for delay and no communication from the team. This kind of service is disappointing. Request immediate resolution and transparency.,251,unknown,1,unknown,Claims Experience,Claims Processing Delay,Claims / TPA,Process / Documentation Friction,Resignation,High,"Claim No: 220101530461-1 with ICICI Lombard is still not settled even after the due date (20-Apr-2026), with no clear reason for delay and no communication from the team, leading to disappointment.",4,3,Medium
https://twitter.com/Candid_Chauhan/status/2046807057329012886#m,"Apr 22, 2026","Poor claim experience with ICICI Lombard. One week, no resolution despite all documents submitted. Unclear process and pressure to settle for less. Not expected after paying full premium. Need urgent intervention. @ICICILombard @irdaindia  @IRDAI_Official #CustomerExperience",275,unknown,3,unknown,Claims Experience,Claim Settlement Issue,Claims / TPA,Misrepresentation / Incomplete Explanation,Anger,High,"Poor claim experience with ICICI Lombard: one week with no resolution despite submitting all documents, unclear process, and pressure to settle for less, which is unexpected after paying full premium.",5,4,Medium
https://twitter.com/ICICILombard/status/2046558237298708752#m,"Apr 21, 2026","Dear Waseem,  Thank you for writing to us. We acknowledge receipt of your query pertaining to your query about the number of calls received from ICICI Lombard.  As per our telephonic conversation held today we are reviewing the case and you can expect an update from us within 4 working days.  In case you'd like to connect again, you can reach from Monday to Friday, between 10 am and 7 pm.  We appreciate your patience and assure you of our full attention to the matter.",472,unknown,0,unknown,Servicing & Policy Admin,Service Request,Unknown,Communication / Language Barrier,Resignation,Medium,"Event: Query about number of calls received from ICICI Lombard. Process: Customer wrote to ICICI Lombard, had a telephonic conversation, and was told a review is underway. Outcome: Customer expects an update within 4 working days.",3,3,Medium
https://twitter.com/policybazaar/status/2046555098906825141#m,"Apr 21, 2026","Hi Alex, following our recent conversation, we request you to file the reimbursement claim for your health insurance. As discussed, please submit the claim through the ICICI Lombard IL Take Care app by the end of today. Once done, kindly share the claim intimation number with us so we can assist you further.  Drishti PW52339",326,unknown,0,health,Servicing & Policy Admin,Claim Filing,Digital / App / Website,Unknown,Unknown,Low,Event: Customer needs to file a reimbursement claim for health insurance. Process: ICICI Lombard advised to submit the claim through the IL Take Care app by end of day and share the claim intimation number. Outcome: Customer is expected to file the claim.,4,4,Medium
https://twitter.com/Subbu_Aggarwal/status/2046522610138411348#m,"Apr 21, 2026",Claim No.: MOT17494611 Insurance company: ICICI Lombard  Very dissatisfied with service provided by them as my Jupiter handle lock set & other parts got damaged in an accident but they refused to replace handle lock set.   Taken 15 days for it.  @ICICILombard @tvsmotorcompany,276,unknown,6,motor,Claims Experience,Claim Denial,Claims / TPA,Process / Documentation Friction,Anger,High,Event: Vehicle parts (Jupiter handle lock set) damaged in an accident. Process: ICICI Lombard refused to replace the handle lock set despite the claim. Outcome: Customer is dissatisfied with the service and the refusal to replace parts after 15 days.,2,2,Medium
https://twitter.com/ThePuneMirror/status/2046515190498496557#m,"Apr 21, 2026","The Additional District Consumer Disputes Redressal Commission in Pune has ordered ICICI Lombard General Insurance to pay ₹75,000 to Ajay Atmaram Raut for cancelling his vehicle insurance policy without properly informing him.  Raut, a resident of Pimple Gurav, had insured his Jeep Compass with ICICI Lombard for the period from April 2019 to April 2020. He paid a premium of ₹38,500 and received the policy document. But when he later took the vehicle to a service centre for repairs, he was told that his claim had been rejected because the insurance policy had already been cancelled.  The company said the cheque used to pay the premium had bounced because of an error in the amount written, and claimed that it had informed Raut about the cancellation through a courier notice. However, the Commission found that the insurer could not provide any proof that the notice was actually delivered to him.  The panel ruled that even if a company has the right to cancel a policy, it must properly inform the customer. Since Raut continued to believe that his vehicle was insured, the Commission held the company guilty of deficiency in service and directed it to pay ₹75,000 within 45 days.  #ConsumerRights #InsuranceClaim #PuneNews #ICICILombard #Punetimesmirror",1264,"Pune, India",1,motor,Claims Experience,Policy Cancellation,Unknown,Misrepresentation / Incomplete Explanation,Betrayal,High,"Event: Ajay Atmaram Raut's vehicle insurance policy with ICICI Lombard was cancelled. Process: The company claimed the premium cheque bounced and sent a courier notice, but could not prove delivery. Outcome: The Consumer Commission ordered ICICI Lombard to pay ₹75,000 for cancelling the policy without proper notification, finding deficiency in service.",2,1,High
https://twitter.com/RohitKu63999381/status/2046478846078366079#m,"Apr 21, 2026","If the situation persists like this, we have three policies. I will never again purchase a policy from ICICI Lombard, nor will I ever recommend it to anyone. Please take immediate action regarding my case. MOT17392941; contact me at 7050774292. @ICICILombard",258,unknown,0,unknown,Servicing & Policy Admin,Service Request,Unknown,Process / Documentation Friction,Anger,High,Event: Customer's case (MOT17392941) is not being resolved. Process: Customer has three policies and is threatening to never purchase or recommend ICICI Lombard again if immediate action is not taken. Outcome: Customer demands immediate action regarding their case.,3,3,Medium
https://twitter.com/RohitKu63999381/status/2046476753733140760#m,"Apr 21, 2026","Dear ICICI Lombard, I have not received any response from your three third-party agents Gautam Singh Irshad Ahmed and Abhay Singh My case is genuine however, an incorrect report was prepared and submitted leading to the closure of my case I require immediate action @ICICILombard",279,unknown,0,unknown,Claims Experience,Claim Rejection,Unknown,Misrepresentation / Incomplete Explanation,Anger,High,"Event: Customer's genuine case was closed. Process: ICICI Lombard's third-party agents (Gautam Singh, Irshad Ahmed, Abhay Singh) prepared and submitted an incorrect report. Outcome: Customer requires immediate action as they have not received a response.",2,2,Medium
https://twitter.com/sarcasticjeerer/status/2046138185080857073#m,"Apr 20, 2026",@ICICILombard your people have messed up and now I have to cancel the policy myself and they wont even support. How will ICICI LOMBARD justify this behavior and convince me to renew any of my other policy with you??,215,unknown,2,unknown,Servicing & Policy Admin,Policy Cancellation,Unknown,Process / Documentation Friction,Anger,High,ICICI Lombard your people have messed up and now I have to cancel the policy myself and they wont even support. How will ICICI LOMBARD justify this behavior and convince me to renew any of my other policy with you??,3,2,Medium
https://twitter.com/deshrajsingh56/status/2046104261352914982#m,"Apr 20, 2026","ICICI Lombard Health Insurance Experience – Need Clarity & Resolution.  I purchased an ICICI Lombard health insurance policy for my wife and daughter.  I paid all premiums on time for 10 months. With only 2 installments remaining, we Today decided to cancel the policy and sent the cancellation email yesterday.  Unfortunately, our experience while using the policy was extremely disappointing:-When my daughter fell ill and we went to the hospital, the insurance card did not work for cashless treatment. The company asked us to pay the full bill first and claim reimbursement later.  After uploading the bills, the claim was rejected without any clear reason. Even reputed hospitals were rejected for my wife with the response: “This hospital is not in our network.”  The network hospitals we were directed to had poor facilities and unsatisfactory doctors.  We have still not received any positive response regarding the refund of the premium paid.  @ICICILombard – Kindly investigate this case immediately and give us a clear timeline and resolution. I am ready to share the Policy Number and Claim Details as required.  @FinMinIndia @consumerforum_ @nch1915 There is an urgent need for greater transparency and stricter monitoring of cashless facilities and claim settlement processes in health insurance. Customers should not have to run from pillar to post for what they have already paid for.  #HealthInsurance #ConsumerRights #ICICILombard #IRDAI",1455,unknown,7,health,Claims Experience,Claim Rejection,Agent / Advisor,Misrepresentation / Incomplete Explanation,Betrayal,High,"I purchased an ICICI Lombard health insurance policy for my wife and daughter. I paid all premiums on time for 10 months. With only 2 installments remaining, we Today decided to cancel the policy and sent the cancellation email yesterday. Unfortunately, our experience while using the policy was extremely disappointing:-When my daughter fell ill and we went to the hospital, the insurance card did not work for cashless treatment. The company asked us to pay the full bill first and claim reimbursement later. After uploading the bills, the claim was rejected without any clear reason. Even reputed hospitals were rejected for my wife with the response: “This hospital is not in our network.” The network hospitals we were directed to had poor facilities and unsatisfactory doctors. We have still not received any positive response regarding the refund of the premium paid. @ICICILombard – Kindly investigate this case immediately and give us a clear timeline and resolution. I am ready to share the Policy Number and Claim Details as required. @FinMinIndia @consumerforum_ @nch1915 There is an urgent need for greater transparency and stricter monitoring of cashless facilities and claim settlement processes in health insurance. Customers should not have to run from pillar to post for what they have already paid for. #HealthInsurance #ConsumerRights #ICICILombard #IRDAI",4,3,Medium
https://twitter.com/RajaKumar947294/status/2045947313043255406#m,"Apr 19, 2026","@ICICILombard @indSupremeCourt @patnahighcourt @RBI @aajtak  My claim process has been ongoing for nearly two years. However, these people are not helping me at all. Nor are they settling my claim. I am extremely frustrated with ICICI Lombard Insurance Company; please, help me.",278,unknown,3,health,Claims Experience,Claim Rejection,Agent / Advisor,Misrepresentation / Incomplete Explanation,Anger,High,"Customer's claim process with ICICI Lombard has been ongoing for nearly two years without settlement, leading to frustration.",4,3,Medium
https://twitter.com/AjmerAsks/status/2045555214791643338#m,"Apr 18, 2026","My experience with ICICI Lombard Elevate Policy – False promises, harassment, and claim rejection despite emergency hospitalization.  I am Ajmer Singh. I bought ICICI Lombard Elevate Policy with maternity cover and “cashless claim” promise.  What I faced is shocking. Read this carefully before buying any health insurance.  My wife started having serious symptoms: Low energy, weakness, vertigo, loss of appetite, headache, and fever-like condition. We first went for OPD treatment. Medicines were given. No improvement.  After 5–6 days, her condition worsened. Continuous vertigo, weakness.  On 14 Feb 2026, around 9 PM, I rushed her to Apex Hospital, Varanasi emergency.  Doctors immediately said: ADMISSION IS NECESSARY.  I admitted her. Then I contacted ICICI Lombard for a CASHLESS claim.  They said: “TPA desk opens in the morning, then the process will start.”  Till then, the hospital asked for an advance: ₹10,000 room + ₹1,000 OPD + medicines.  The next morning, the TPA desk initiated the process. Then started the real harassment.  Cashless claim REJECTED.  Reason: “Need more documents”  I personally submitted everything.  Again rejected.  Then they asked for doctor's justification letter.  Submitted that too.  Again REJECTED.  This cycle continued while my wife was admitted and suffering.  For 3 days, I kept paying bills from my pocket.  Total expense ~₹70,000.  So what exactly is “cashless claim”?  Just a marketing line?  At midnight, around 2:30 AM, something even worse happened.  The hospital stopped treatment because patient's ID was blocked due to non-payment.  No prior intimation.  Drip stopped.  The next morning, when I asked, they said: “Clear dues first.”  I asked: If you knew at night, why stop treatment without informing?  Is this how a patient is treated?  Then I contacted a Policybazaar agent.  He came and submitted documents again. Still REJECTED.  Finally, he suggested: “Discharge patient and apply for reimbursement.”  After discharge, I applied for reimbursement.  ICICI said: “You will be notified within 15 days.”  I waited.  Exactly on the 15th day, the claim was REJECTED.  Reason given: “Patient could be treated with OPD, admission is not required.”  This is shocking.  Because: We already did OPD treatment BEFORE admission. Condition worsened → doctor advised admission.  Even hospital documents clearly show a serious condition:  Dehydration Electrolyte imbalance Severe anemia  Still, they say “OPD sufficient”. Are you even reading reports?  Then again, Policybazaar pushed for reconsideration. ICICI asked for the indoor case papers.  The hospital charged ₹2000 for files.  I confirmed: “Is this the final requirement?”  They said YES.  I paid again. Submitted everything again.  Waited another 15 days.  Result?  REJECTED AGAIN with the same reason: “OPD treatment sufficient”  This is not a mistake.  This is SYSTEMATIC harassment.  Same rejection copied twice despite full documentation.  Customer support behaviour was even worse.  I was told: “Jo ukhadna hai ukhad lo” “Nayi policy hai, claim nahi milega”  Is this how a reputed insurance company talks?  Let’s talk about “cashless claim advertisement”.  Ads say: “Just go to the hospital, everything will be taken care of.” Reality: Pay everything yourself Run behind documents Face rejection again and again  Because of this:  Mental harassment Financial loss (~₹70,000 + ₹2000 extra) Physical stress during an emergency Treatment interruption risk  All proofs available:  Hospital admission records Doctor justification letter Lab reports Discharge summary Bills Rejection letters  This is my FINAL PUBLIC WARNING.  If this is not resolved immediately, I will:  File consumer court case Complain to IRDAI Take legal action for harassment & false advertisement Expose everything publicly  @ICICILombard @Policybazaar @IRDAI_India @jagograhakjago @FinMinIndia @PMOIndia  This is not just about me. This is about every middle-class family that buys insurance for safety but gets cheated in real emergencies. Be careful before trusting “cashless claims”.  @ICICILombard @Policybazaar @IRDAI_India @jagograhakjago @FinMinIndia @PMOIndia @DoC_GoI @ConsumerCom @LegalKhabar @LawyersofIndia @BarandBench @LiveLawIndia @indialegalmedia @SharanHegde  @AnkurWarikoo @CA_RachanaRanade @Nithin0dha @deepakshenoy @GabbbarSingh @zoo_bear @TheDeshBhakt @Abhina_Prakash @RoflGandhi_ @ndtv @aajtak @ZeeNews @TimesNow @republic   If needed, I am ready to share all documents, call recordings, and proof publicly.  This is not just my case, this is how middle-class families are being misled in the name of “cashless insurance”.  Requesting experts and authorities to take this seriously.",4686,"Varanasi, India",2,health,Claims Experience,Claim Rejection,Agent / Advisor,Misrepresentation / Incomplete Explanation,Betrayal,High,"Customer purchased ICICI Lombard Elevate Policy with maternity cover and 'cashless claim' promise, but faced claim rejection despite emergency hospitalization, leading to out-of-pocket expenses and harassment.",5,4,High
https://twitter.com/abhishekrai607/status/2045038574467494354#m,"Apr 17, 2026","ICICI Lombard rejects my claims while doing the claim process and they saying that bring the evidence that your car is stuck,and the customer support from their side is also not good, my claim which is still pending.Where do I go to get the evidence?@ICICILombard @ICICIBank_Care",279,unknown,3,motor,Claims Experience,Process / Documentation Friction,Claims / TPA,Misrepresentation / Incomplete Explanation,Confusion,High,"Event: Car insurance claim filed. Process: ICICI Lombard rejected the claim stating the car was stuck and asked for evidence, customer support was not good. Outcome: Claim is still pending.",3,2,Medium
https://twitter.com/AmitBha23756421/status/2044817926914715882#m,"Apr 16, 2026","@LGIndia @jagograhakjago   However, ICICI Lombard has already rejected the claim, clearly stating that the fault lies with LG due to incorrect policy generation.  Post that, both the dealer and LG representatives (Mr. Ajay Srujan and Mr. Ayaaz) assured me multiple times that:",276,unknown,0,unknown,Servicing & Policy Admin,Claims Experience,Unknown,Misrepresentation / Incomplete Explanation,Betrayal,High,"Event: Claim rejection by ICICI Lombard. Process: Customer informed LG due to incorrect policy generation. Outcome: LG and dealer representatives assured multiple times, but the claim was rejected.",3,2,Medium
https://twitter.com/sagarshah_12/status/2044783685291979119#m,"Apr 16, 2026",I have replied to your direct message. ! Replied with facts ! Please do revert ! disease was already excluded in the previous policy & it was ported to icici Lombard ! We have not hidden anything . While you took customer from star health you did not do any checks of documents,277,unknown,1,health,Onboarding & Policy Understanding,Claims Experience,Agent / Advisor,Misrepresentation / Incomplete Explanation,Confusion,Medium,"Event: Policy ported to ICICI Lombard from Star Health. Process: Customer claims no information was hidden, but the previous policy excluded the disease. Outcome: The disease was excluded in the new ICICI Lombard policy.",2,1,Medium
https://twitter.com/ghoshtr/status/2044667284762099764#m,"Apr 16, 2026",DM is just a way to show that they are actually interested in resolving the issue but my experience with another case involving ICICI Lombard proved that it’s not. Of course that’s based on my experience!,204,unknown,2,unknown,Servicing & Policy Admin,Claims Experience,Unknown,Process / Documentation Friction,Betrayal,Medium,"Event: A past case involving ICICI Lombard. Process: The commenter's experience with ICICI Lombard. Outcome: The commenter felt that direct messages (DM) were not effective in resolving the issue, implying a negative outcome and lack of resolution.",2,2,Medium
https://twitter.com/AviMaheshwari03/status/2044407834159575496#m,"Apr 15, 2026",@ICICILombard @MoHFW_INDIA   Dear ICICI Lombard   I have surgeries to be performed and you have not approved my Authorization request till now.  Details   72026041519487 Health | Claim | 100016599300/0001,204,unknown,3,health,Claims Experience,Claims Processing,Claims / TPA,Process / Documentation Friction,Anger,High,Event: Surgeries to be performed. Process: Authorization request submitted to ICICI Lombard. Outcome: Authorization request not approved.,4,3,Medium
https://twitter.com/KHANezaz96khan/status/2044301752724602976#m,"Apr 15, 2026","Very much Disappointed for me as #ICICILOMBARD  denying to give a claim for a Genuine accidental case. This has not happened only for me,most of my colleagues alos faced this in recent past.  Think twice before taking POLICY of #ICICI LOMBARD 🙏🙏💔 #ICICILOMBARD #INSURANCE",271,unknown,1,unknown,Claims Experience,Claims Processing,Unknown,Misrepresentation / Incomplete Explanation,Betrayal,High,Event: Accidental case. Process: ICICI Lombard denying a claim. Outcome: Customer is disappointed and warns others.,3,2,Medium
https://twitter.com/DurgeshWrites/status/2044262814974652927#m,"Apr 15, 2026","3/ Only HDFC Ergo and Care Supreme (base plan) have no room rent cap. Star Health, Niva Bupa, ICICI Lombard all have restrictions with proportional deductions. Most people learn this AFTER getting their claim settlement letter.",227,India,1,health,Claims Experience,Claims Processing,Claims / TPA,Product Design or Complexity,Confusion,Medium,"Event: Customer reviewed policy wording documents. Process: Compared room rent caps across multiple health insurers including ICICI Lombard. Outcome: Found ICICI Lombard has restrictions with proportional deductions, learning this after claim settlement.",2,2,Medium
https://twitter.com/DurgeshWrites/status/2044262559336018043#m,"Apr 15, 2026","1/ I read the actual policy wording documents (~200 pages) of India's 5 biggest health insurers: Star Health, HDFC Ergo, Care Supreme, Niva Bupa, ICICI Lombard. Not brochures - the legal contracts.  Here's what they're hiding.  (Thread 🧵)",238,India,2,health,Onboarding & Policy Understanding,Policy Explanation,Agent / Advisor,Misrepresentation / Incomplete Explanation,Confusion,Medium,"Event: Customer read policy wording documents of top health insurers. Process: Identified that ICICI Lombard, unlike HDFC Ergo and Care Supreme, has room rent caps and proportional deductions. Outcome: Customer realized this information was not clearly explained during the policy purchase, leading to potential issues at claim settlement.",2,2,Medium
https://twitter.com/CRE_Dynamics/status/2044074650473550213#m,"Apr 14, 2026","I am filing with the RBI Ombudsman if the money illegally debited from both our accounts (fraud purchase of gen insurance from icici Lombard, by axis on our behalf) is not refunded to us within next 48 hours.",208,unknown,2,health,Claims Experience,Fraudulent Transaction,Bank / Bancassurance,Misrepresentation / Incomplete Explanation,Anger,High,Event: Fraudulent purchase of general insurance from ICICI Lombard. Process: Money illegally debited from accounts by Axis on behalf of the customer. Outcome: Threat to file with RBI Ombudsman if refund is not received within 48 hours.,4,3,Medium
https://twitter.com/rahul252055/status/2044065766811808146#m,"Apr 14, 2026","Facing a serious issue with ICICI Lombard.  Approved repair estimate: ₹3,532   Final bill given: ₹16,775 WITHOUT my consent    No approval taken, work done, and now my vehicle is being held.  This is unfair and unacceptable. @ICICILombard @irdaindia #ConsumerRights",265,unknown,4,unknown,Claims Experience,Unauthorized Work/Charges,Claims / TPA,Misrepresentation / Incomplete Explanation,Anger,High,"Event: Vehicle repair. Process: ICICI Lombard approved a repair estimate of ₹3,532 but performed work resulting in a final bill of ₹16,775 without customer consent, and is now holding the vehicle. Outcome: Customer states this is unfair and unacceptable and threatens escalation.",5,4,Medium
https://twitter.com/imrealmohsin/status/2043978117702922450#m,"Apr 14, 2026","You r fraud. Your services at ICICI Lombard Insurance have been extremely disappointing and unprofessional. I feel misled and dissatisfied with the way my case has been handled. Please resolve this issue immediately, or I will escalate it to higher authorities.",261,unknown,1,unknown,Servicing & Policy Admin,Poor Service Quality,Unknown,Misrepresentation / Incomplete Explanation,Betrayal,High,Event: Dissatisfaction with services. Process: Customer feels misled and dissatisfied with how their case has been handled by ICICI Lombard. Outcome: Threat to escalate to higher authorities if the issue is not resolved immediately.,4,3,Low
https://twitter.com/yashlancers/status/2043388322844901719#m,"Apr 12, 2026",@policybazaar @ICICILombard I purchased moto policy from ICICI Lombard through Policy bazaar. The policy is active on app of policy bazaar. I have policy copy and email from ICICI Lombard. Payment done and deducted in Oct 2025. Now I call up ICICI helpline-policy cancelled !!!,277,unknown,2,unknown,Servicing & Policy Admin,Policy Cancellation,Digital / App / Website,Process / Documentation Friction,Confusion,High,Event: Purchased a motor policy from ICICI Lombard via Policy Bazaar in Oct 2025. Process: Policy was active on the Policy Bazaar app and customer had policy copy and email confirmation. Outcome: Customer called ICICI helpline and was informed the policy was cancelled.,3,3,Medium
https://twitter.com/castingvishal/status/2043337206677610861#m,"Apr 12, 2026",ICICI Lombard Unfair Trade Practice 🚨  Taking IDV premium but denying total loss claims? Consumers pushed into years of harassment & told to “go to court.”  Serious concerns on fairness.  @ICICILombard @irdaindia @FinMinIndia #UnfairTradePractice #ConsumerRights,262,unknown,0,unknown,Claims Experience,Claim Denial,Claims / TPA,Misrepresentation / Incomplete Explanation,Anger,High,Event: ICICI Lombard took IDV premium for total loss scenarios. Process: Customers are being denied total loss claims and are allegedly told to 'go to court'. Outcome: This is causing years of harassment and raises concerns about unfair trade practices.,4,2,Medium
https://twitter.com/AmitBha23756421/status/2042876716436357579#m,"Apr 11, 2026","@LGIndia both LG and the dealer.  Initially, ICICI Lombard delayed the process by stating that there was an error from LG’s end while generating the policy. This caused unnecessary harassment for almost a month.",211,unknown,1,unknown,Servicing & Policy Admin,Process / Documentation Friction,Unknown,Misrepresentation / Incomplete Explanation,Anger,Medium,Event: Policy generation error. Process: ICICI Lombard delayed the process by stating an error from LG's end. Outcome: Caused unnecessary harassment for almost a month.,3,3,Medium
https://twitter.com/imDhire/status/2042579554724880451#m,"Apr 10, 2026","@ICICILombard I have never seen the worst claim ever before this policy,your surveyor does whatever they want.I had registered a  complaint regarding my policy,he repeatedly said that we could not do anything.This was the first time and would be the last time for ICICI Lombard.",278,unknown,2,unknown,Claims Experience,Claims Processing,Claims / TPA,Process / Documentation Friction,Anger,High,"Worst claim experience with ICICI Lombard policy, surveyor acted arbitrarily. Complaint registered but surveyor stated nothing could be done. This was the first and last time with ICICI Lombard.",3,2,Medium
https://twitter.com/vijaybhosle2013/status/2042563594005643610#m,"Apr 10, 2026",Policy service  I'm not happy with the service you are giving. I'm facing a lot of trouble in claiming the policy. I bought the policy from @ICICILombard through @PhonePe and it was a big mistake of mine. I will suggest everyone not to buy the policy from icici lombard and Phonp,279,unknown,3,unknown,Claims Experience,Claims Processing,Digital / App / Website,Misrepresentation / Incomplete Explanation,Betrayal,High,"Unhappy with ICICI Lombard policy service, facing trouble claiming. Bought policy through PhonePe, which was a mistake. Suggests others not to buy from ICICI Lombard and PhonePe.",4,3,Medium
https://twitter.com/skaagarwal/status/2042550643995574662#m,"Apr 10, 2026","Dear Sir / Madam,  Thanks for understanding my problem.  Yes please delete the agent code with my health policy and treat my policy as the DIRECT from Icici Lombard. I do not want to associate further with any agent now.",220,unknown,0,health,Servicing & Policy Admin,Policy Administration,Agent / Advisor,Unknown,Resignation,Medium,"Request to delete agent code from health policy and treat it as direct from ICICI Lombard, as no further association with agent is desired.",5,5,Medium
https://twitter.com/skaagarwal/status/2042550591168409629#m,"Apr 10, 2026","Also pls note that if you are unable to delete the agent name and code from my health policy, I assure you that at the time of renewal I will port to other insurance Company. I also will advise to other customer  to do the same as Icici Lombard is not listening.",262,unknown,1,health,Early Regret / Exit Intent,Policy Renewal,Agent / Advisor,Process / Documentation Friction,Anger,High,"If agent name/code cannot be deleted from health policy, will port to another company at renewal and advise others to do the same as ICICI Lombard is not listening.",4,3,Medium
https://twitter.com/RajaKumar947294/status/2042543860048629995#m,"Apr 10, 2026",@ICICILombard @RBI @TATAAIGIndia @careinsuranceIN @HDFCERGOGIC  I am going to initiate legal action against ICICI Lombard Insurance Company in the court. ICICI Lombard Insurance Company is fraudulent company. No one should purchase a policy from this company. They swindle people.,280,unknown,2,unknown,Claims Experience,Claims Processing,Unknown,Misrepresentation / Incomplete Explanation,Anger,High,Initiating legal action against ICICI Lombard Insurance Company for fraudulent behavior and swindling people. Advises against purchasing policies from them.,2,1,Medium
https://twitter.com/skaagarwal/status/2042538507017883816#m,"Apr 10, 2026",It is indeed very bad behaviour of Icici Lombard officers that they are not listening my complaint against their agent. He is not providing the service as he is doing the job out of city since 2 years. Inspite of delete his name your officers are asking me evidence agajnst him,277,unknown,0,health,Servicing & Policy Admin,Agent Conduct,Agent / Advisor,Process / Documentation Friction,Anger,High,ICICI Lombard officers are not addressing complaint against an agent who has been working out of city for 2 years and not providing service. Officers are asking for evidence against the agent instead of deleting his name.,3,2,Medium
https://twitter.com/Abhinavgms/status/2041930031816204768#m,"Apr 8, 2026","May be if these guys spend less on marketing and more on customer service, it will turn into a decent company. Very rarely have I met someone who hasn’t faced issues with Lombard while renewing and claiming. Kalank on the ICICI brand.",234,unknown,0,unknown,Servicing & Policy Admin,Process / Documentation Friction,Unknown,Misrepresentation / Incomplete Explanation,Anger,Medium,"Event: Customer attempted to renew policy with ICICI Lombard. Process: Faced issues with renewal and claiming. Outcome: The experience has tarnished the ICICI brand, suggesting a negative outcome from the servicing and claims process.",3,2,Medium
https://twitter.com/DUSHYAN76041779/status/2041890449510821997#m,"Apr 8, 2026","Dear ICICI Lombard & Maruti Suzuki,मैं अपने insurance claim MOT17322979 के गलत rejection के खिलाफ अपनी आवाज उठा रहा हूँ।मेरे क्लेम को “Driver Impairment” बताकर reject किया गया, जो पूरी तरह गलत है।यह मेरे साथ अन्याय है। #InsuranceFraud #ConsumerRights @ICICILombard @Maruti_Corp",277,unknown,2,unknown,Claims Experience,Claims Rejection,Unknown,Misrepresentation / Incomplete Explanation,Betrayal,High,"Customer is raising voice against the wrong rejection of their insurance claim (MOT17322979) by ICICI Lombard, stating it was rejected for 'Driver Impairment' which is incorrect and an injustice.",4,3,Medium
https://twitter.com/gaffar_advisor/status/2041781645678932017#m,"Apr 8, 2026","Summer plans? Flights booked.Hotels confirmed.Itinerary ready. But is your trip protected? This summer, plan smarter. Travel with ICICI Lombard Travel Insurance.  #ICICILombard #TravelInsurance #PlanYourYearRight #HappyJourneys",227,unknown,0,travel,Pre-Sale Misrepresentation,Product Inquiry,Digital / App / Website,Misrepresentation / Incomplete Explanation,Confusion,Low,"Customer is considering travel plans and is being prompted to consider ICICI Lombard Travel Insurance for trip protection, implying a pre-sale interaction or inquiry.",3,4,Low
https://twitter.com/BharatheshGm/status/2041738557216453081#m,"Apr 8, 2026","@ICICILombard I have a medical policy of ICICI Lombard, I had an OPD appointment but doctor was not avaialble on scheduled time, now as a customer, I am unable to book further OPD since its asking to upload prescription, due to mistake from doctor end I am suffering, please help",279,unknown,1,health,Servicing & Policy Admin,Process / Documentation Friction,Unknown,Process / Documentation Friction,Confusion,Medium,"ICICI Lombard medical policy: Had an OPD appointment but doctor was not available on scheduled time, now unable to book further OPD as it asks to upload prescription, due to mistake from doctor end I am suffering, please help.",3,3,Medium
https://twitter.com/sabyasachi9589/status/2041517445777703146#m,"Apr 7, 2026","Even after providing all the documents from the hospital, ICICI Lombard rejected the cashless claim request. The claim was sent in the name of my brother Rudra Prasad Tripathy and they rejected it by putting the ICICI account in my name as Sabyasachi Tripathy. Policy number: 110100994286 @LombardICICI @ICICILombard @1cfe7a556ce84b6 @MoHFW_INDIA",346,unknown,2,health,Claims Experience,Claims Processing,Claims / TPA,Process / Documentation Friction,Confusion,Medium,"ICICI Lombard rejected a cashless claim request due to a name mismatch between the hospital documents (Rudra Prasad Tripathy) and the policyholder's name (Sabyasachi Tripathy), despite providing all required documents.",3,3,Medium
https://twitter.com/geekyranjit/status/2041488388310863979#m,"Apr 7, 2026","I saw that video, sorry for him.  I feel the biggest culprit was that Icici Lombard Insurance agent, it should have been labeled as 100% loss, I also feel that service center ppl were incompetent they should have also asked the Insurance company for 100% loss write off.   This is not the first time I am seeing bad stuff from ICICI Lombard insurance, my friend had a minor car accident and they were making all sorts of excuses to give a Claim that was just for 75K, Had to apply a lot of pressure then only he got the claim.",526,unknown,3,car,Claims Experience,Claim Settlement,Agent / Advisor,Misrepresentation / Incomplete Explanation,Anger,High,"ICICI Lombard insurance agent was a culprit in a car accident claim, leading to a 100% loss for the customer. Service center staff were also incompetent. The customer's friend also faced significant pressure to get a 75K claim approved after a minor car accident.",2,2,Medium
https://twitter.com/prashant8180094/status/2041455675373756506#m,"Apr 7, 2026","@ICICILombard  Your surveyor working is not upto mark for Car insurance claim. Survey done on last Thursday, multiple call with him and pathetic response and results. Is this the way ICICI Lombard is dealing with customer now a days? Getting poor day by day....",261,unknown,3,car,Claims Experience,Claim Investigation,Claims / TPA,Process / Documentation Friction,Anger,Medium,"The customer is complaining about the surveyor's work for a car insurance claim from ICICI Lombard, stating the survey was done last Thursday and the response and results are pathetic after multiple calls.",3,3,Medium
https://twitter.com/GokuCryptoo/status/2040158754961002574#m,"Apr 3, 2026",@ICICILombard @irdaindia icici lombard is one of the worst insurance company and surverior person is corrupted .  i have icici motar new bike insurance .i had an accident .i have fir and all medical docoments still they rejected my claim . @consumercourtin #lombard #insurance,276,unknown,1,motor,Claims Experience,Claim Rejection,Unknown,Process / Documentation Friction,Anger,High,"Event: Accident. Process: Filed claim with FIR and medical documents. Outcome: Claim rejected by ICICI Lombard, with the customer alleging corruption by the surveyor.",3,2,Medium
https://twitter.com/Aks_vma/status/2039922963731173764#m,"Apr 3, 2026",@PhonePe @ICICILombard — I’ve been receiving the same repeated response for the last 2 days with no resolution. Requesting urgent intervention from ICICI Lombard and Ministry of Finance.This delay is causing serious inconvenience. Please resolve this urgently. #Insurance #Urgent,279,unknown,2,unknown,Servicing & Policy Admin,Service Request Delay,Digital / App / Website,Process / Documentation Friction,Anger,High,Event: Customer interaction with ICICI Lombard via PhonePe. Process: Repeatedly receiving the same response for 2 days with no resolution. Outcome: Urgent intervention requested due to delay causing serious inconvenience.,4,3,Medium
https://twitter.com/ICICILombard/status/2039613769555272175#m,"Apr 2, 2026","Dear Mulrajsinh,  We hope you are keeping well.  Your case is reviewed thoroughly and we regret to inform you that your claim has been repudiated due to delay in FIR and intimation to ICICI Lombard.  Thank you for giving us the opportunity to serve you.",253,unknown,0,health,Claims Experience,Claim Rejection,Claims / TPA,Process / Documentation Friction,Resignation,Medium,Claim has been repudiated due to delay in FIR and intimation to ICICI Lombard.,3,2,Medium
https://twitter.com/ICICILombard/status/2039588405324009617#m,"Apr 2, 2026","Hi Keshav, we understand your concern regarding the calls received and regret the inconvenience caused. Please be assured that at ICICI Lombard, we treat customer data privacy with utmost importance and do not share your personal or medical details with unauthorized third parties. We would like to look into this further for you, please share your contact details via DM so we can review this and get back to you. https://nitter.net/messages/compose?recipient_id=42367037",472,unknown,0,unknown,Servicing & Policy Admin,Privacy Concern,Unknown,Misrepresentation / Incomplete Explanation,Confusion,Medium,"Customer is concerned regarding calls received and ICICI Lombard states they treat customer data privacy with utmost importance and do not share personal or medical details with unauthorized third parties, requesting contact details to review.",4,4,Medium
https://twitter.com/CRE_Dynamics/status/2039002966070563226#m,"Mar 31, 2026",@AxisBankSupport I have taken axis bank loan. Today without my authorisation axis bank bought icici Lombard general insurance on my behalf. This is a serious breach of trust.  I’m going to raise this in media as well as consumer forum if I don’t get an apology and my money refund,280,unknown,1,unknown,Onboarding & Policy Understanding,Unknown,Bank / Bancassurance,Misrepresentation / Incomplete Explanation,Betrayal,High,Event: Loan taken from Axis Bank. Process: Axis Bank purchased ICICI Lombard general insurance without customer authorization. Outcome: Customer feels a breach of trust and demands an apology and refund.,4,3,Medium
https://twitter.com/human4380/status/2038866734913089559#m,"Mar 31, 2026",@irdaindia @ICICILombard @IRDA_OFICIAL @FinMinIndia @nsitharamanoffc @nsitharaman   Company Name: ICICI LOMBARD Claim no- 110100988986.. Patient Name Naveen Khanna..claim has been rejected multiple times   Even after submitting all required documents,250,unknown,3,unknown,Claims Experience,Unknown,Claims / TPA,Process / Documentation Friction,Anger,High,Event: Claim filed for patient Naveen Khanna (Claim no- 110100988986). Process: Claim has been rejected multiple times despite submitting all required documents. Outcome: Claim rejection.,4,2,Medium
https://twitter.com/lovesharmalks14/status/2038843995884012013#m,"Mar 31, 2026","Extremely frustrated with the pathetic service from ICICI Lombard. No reply to emails, no one answers calls, and on X they keep posting the same “our team will reach out” response but nobody actually contacts me. This is unacceptable customer support. @ICICILombard #froud",272,unknown,1,unknown,Servicing & Policy Admin,Unknown,Digital / App / Website,Communication / Language Barrier,Anger,High,"Event: Customer seeking service for an insurance policy. Process: No reply to emails, calls unanswered, and generic responses on X (formerly Twitter). Outcome: Frustration and lack of resolution due to poor customer support.",5,4,Medium
https://twitter.com/0xbool/status/2038162216701382697#m,"Mar 29, 2026","@ICICILombard @ICICIBank_Care Very poor customer support from ICICI Lombard. Renewal payment was successfully made 2 days ago through the payment link shared by your team, but no renewal document has been issued yet. I am still receiving messages saying my policy will not be",275,unknown,3,unknown,Servicing & Policy Admin,Policy Issuance,Digital / App / Website,Process / Documentation Friction,Anger,High,"Renewal payment was successfully made 2 days ago through the payment link shared by your team, but no renewal document has been issued yet. I am still receiving messages saying my policy will not be",3,3,Medium
https://twitter.com/gnanambalam/status/2037867736068743657#m,"Mar 28, 2026","i have asked and raise i5ssue with icici lombard. They are not sending premium chart , just calling and age 56 falls in higher premium. With them for last 4 years and no claims. this for 30 lakhs ( 3 members )",209,unknown,1,unknown,Servicing & Policy Admin,Premium Chart,Agent / Advisor,Misrepresentation / Incomplete Explanation,Confusion,Medium,"i have asked and raise i5ssue with icici lombard. They are not sending premium chart , just calling and age 56 falls in higher premium. With them for last 4 years and no claims. this for 30 lakhs ( 3 members )",3,4,Medium
https://twitter.com/skshri/status/2037863259894874254#m,"Mar 28, 2026",@PMOIndia @ICICILombard @irdaindia My daughter was hospitalized for lip ulcers. Unrelated to any PED. ICICI Lombard rejected the claim citing PED. Doctor confirmed in writing it’s not linked to PCOS (earlier advised only as precaution). Unfair claim denial.,257,unknown,2,health,Claims Experience,Claim Denial,Claims / TPA,Misrepresentation / Incomplete Explanation,Betrayal,High,My daughter was hospitalized for lip ulcers. Unrelated to any PED. ICICI Lombard rejected the claim citing PED. Doctor confirmed in writing it’s not linked to PCOS (earlier advised only as precaution). Unfair claim denial.,2,2,High
https://twitter.com/RameshwarN91595/status/2037834373438054454#m,"Mar 28, 2026","@ICICILombard I submitted a claim for the Daily Cash Benefit under my ICICI Lombard policy.  I would like to inform you that my main hospitalization claim with Zuno Health Insurance has already been settled. Further, ICICI Lombard has also settled my two Daily Cash Benefit",273,unknown,0,unknown,Claims Experience,Claim Settlement,Claims / TPA,Unknown,unknown,Low,"I submitted a claim for the Daily Cash Benefit under my ICICI Lombard policy. I would like to inform you that my main hospitalization claim with Zuno Health Insurance has already been settled. Further, ICICI Lombard has also settled my two Daily Cash Benefit",4,5,Medium
https://twitter.com/RameshwarN91595/status/2037834071016194217#m,"Mar 28, 2026",@ICICILombard To The Grievance Redressal Officer ICICI Lombard General Insurance Company Ltd. Head Office – Mumbai  Subject: Complaint Regarding Delay and Unjustified Query – Claim Nos. SCM056162341 & SCM056162326,213,Mumbai,0,unknown,Claims Experience,Claim Delay,Claims / TPA,Process / Documentation Friction,Anger,High,To The Grievance Redressal Officer ICICI Lombard General Insurance Company Ltd. Head Office – Mumbai Subject: Complaint Regarding Delay and Unjustified Query – Claim Nos. SCM056162341 & SCM056162326,2,3,High
https://twitter.com/AgrawalAdarsh/status/2037768125194842136#m,"Mar 28, 2026",@ICICILombard Amount deducted for car insurance policy renewal premium but policy issuance has been denied by #ICICI Lombard. Refund is still pending even after 15 days.  #icicilombard #carinsurance #insurance,209,unknown,1,car,Servicing & Policy Admin,Policy Issuance,Digital / App / Website,Process / Documentation Friction,Anger,High,Amount deducted for car insurance policy renewal premium but policy issuance has been denied by #ICICI Lombard. Refund is still pending even after 15 days.,2,3,Medium
https://twitter.com/skaagarwal/status/2036875441022406679#m,"Mar 25, 2026","No senior officer of icici Lombard is bothering to contact with me. Icici Lombard agent is not providing the service. So I requestwd to remove his name from my policy so that I could get the service from Local office, moradabad. But you are not supporting me.",259,"Moradabad, India",1,unknown,Servicing & Policy Admin,Agent / Advisor,Agent / Advisor,Process / Documentation Friction,Resignation,Medium,"The customer's request to remove an agent from their policy with ICICI Lombard to get service from the local office in Moradabad was not supported, and no senior officer contacted them.",2,2,Medium
https://twitter.com/JonathanDsylva/status/2036764266813104546#m,"Mar 25, 2026","1. Policy number: 3005/383846075/00/000 valid from March 18,2025 to March 17, 2026 - NCB bonus of 50% applied 2.  Policy number: 3005/432827891/00/000 valid from March 16,2026 to March 15, 2027 - NCB bonus of  50% NOT applied  The policy number 3005/432827891/00/000 has a validity date which overlaps with the previous policy. It has been shown as a new policy instead of a renewal policy and NCB benefit has not been applied which is totally incorrect.   It is pertinent to note that ICICI Lombard has issued a second policy on March 13,2026 with a policy start date of March 16,2026 although the previous policy was valid till March 17, 2026 @ICICILombard",658,unknown,2,unknown,Servicing & Policy Admin,Agent / Advisor,Agent / Advisor,Misrepresentation / Incomplete Explanation,Confusion,High,"A customer received two ICICI Lombard policies with overlapping validity dates, where the second policy was treated as new instead of a renewal, resulting in the incorrect non-application of an NCB bonus.",3,3,Medium
https://twitter.com/VikashS84414932/status/2036654317432922308#m,"Mar 25, 2026","@ICICILombard Dear ICICI Lombard, I am Vikas Sharma I had given my car for insurance claim, which as per the insurance should have been claimed in L Seb but it is not being done. Way not claim total L seb body damage Someone also takes insurence for this so that if there is any",278,Mumbai Maharashtra,1,unknown,Servicing & Policy Admin,Claims Experience,Unknown,Process / Documentation Friction,Confusion,Medium,"Vikas Sharma gave his car for an insurance claim to ICICI Lombard, which should have been covered under 'L Seb' but is not being processed.",3,3,Medium
https://twitter.com/VikashS84414932/status/2036523271659856051#m,"Mar 24, 2026","@ICICILombard Way not claim L seb body claim part MH03EF3369 vikash Sharma from Mumbai Maharashtra chembur Call me and talk to me Dear ICICI Lombard, I am Vikas Sharma, I had given my car for insurance claim, which as per the insurance should have been claimed in L Seb but it is",279,Mumbai Maharashtra,1,unknown,Servicing & Policy Admin,Claims Experience,Unknown,Process / Documentation Friction,Confusion,Medium,"Vikas Sharma from Mumbai, Maharashtra, is inquiring about why his car insurance claim (MH03EF3369) for 'L Seb' body damage is not being processed by ICICI Lombard.",3,3,Medium
https://twitter.com/VikashS84414932/status/2036522603574370698#m,"Mar 24, 2026","@ICICILombard Dear ICICI Lombard, I am Vikas Sharma, I had given my car for insurance claim, which as per the insurance should have been claimed in L Seb but it is not being done. Way not claim total L seb body damage Someone also takes insurance for this so that if there is any",279,unknown,1,unknown,Servicing & Policy Admin,Claims Experience,Unknown,Process / Documentation Friction,Confusion,Medium,Vikas Sharma is asking ICICI Lombard why his car insurance claim for 'L Seb' body damage (MH03EF3369) is not being processed as per the insurance policy.,3,3,Medium
https://twitter.com/VikashS84414932/status/2036517678400282996#m,"Mar 24, 2026","@ICICILombard Dear ICICI Lombard, I am Vikas Sharma, I had given my car for insurance claim, which as per the insurance should have been claimed in L Seb but it is not being done. Way not claim total L seb body damage MH03EF3369 @MantriSanjeev",243,unknown,0,unknown,Servicing & Policy Admin,Claims Experience,Unknown,Process / Documentation Friction,Confusion,Medium,Vikas Sharma is inquiring with ICICI Lombard about the non-processing of his car insurance claim for 'L Seb' body damage (MH03EF3369).,3,3,Medium
https://twitter.com/policybazaar/status/2036466688947003415#m,"Mar 24, 2026","Hi Pavan, following your discussion with the team, you have successfully booked the renewal for all 3 ICICI Lombard Health Insurance policies. Should you need any further assistance, please feel free to reach out. We’re happy to help.  Aastha PW58077",250,unknown,0,health,Onboarding & Policy Understanding,Servicing & Policy Admin,Agent / Advisor,Unknown,Resignation,Low,"Pavan successfully renewed 3 ICICI Lombard Health Insurance policies following a discussion with the team, and assistance is offered for further help.",4,4,Medium
https://twitter.com/skaagarwal/status/2036432555717828634#m,"Mar 24, 2026","@ICICILombard  I have complaint against your Icici Lombard agent through email as per attached email, but till now no solution provided by Icici Lombard seniors officers. I am sending again by again reminders. I need to remove the name of the agent from my current health policy.",279,unknown,1,health,Servicing & Policy Admin,Agent Issue,Agent / Advisor,Misrepresentation / Incomplete Explanation,Anger,High,"Customer filed a complaint via email against an ICICI Lombard agent, but has not received a solution from ICICI Lombard senior officers despite sending repeated reminders, and needs to remove the agent's name from their current health policy.",3,2,Medium
https://twitter.com/surendrapalsha9/status/2036372025229582691#m,"Mar 24, 2026","Trying to connect for a medical health check-up, but no response from anyone. Extremely disappointing service from ICICI Lombard. Kindly look into this urgently. #CustomerService #HealthInsurance @ICICILombard @ICICIBank @IRDA_OFICIAL",234,unknown,1,health,Servicing & Policy Admin,Service Request,Unknown,Process / Documentation Friction,Confusion,Medium,"Customer is trying to connect for a medical health check-up but is receiving no response from ICICI Lombard, leading to disappointment.",4,3,Medium
https://twitter.com/BhatiFaheem/status/2036371191552942429#m,"Mar 24, 2026",@ICICILombard utterly disappointing experience. Took car insurance from ICICI Lombard (ahmedabad)- and now agent has canceled it due to company’s error. Money stuck plus last day of my old insurance. Poor response and worst experience. Pls help !!!!!,250,Ahmedabad,2,car,Servicing & Policy Admin,Policy Cancellation,Agent / Advisor,Process / Documentation Friction,Anger,High,"Customer took car insurance from ICICI Lombard in Ahmedabad, but the agent canceled it due to a company error, resulting in stuck money and the expiry of the old insurance on the last day, with poor response from the company.",4,3,Medium
https://twitter.com/ICICILombard/status/2036031771888767405#m,"Mar 23, 2026","activate DND from ICICI Lombard Kindly confirm  We understand that waiting for a resolution may not have been easy, and we truly value your patience through the process.    Should you need any further clarification or assistance, please do reach out to us at 2/3",262,unknown,1,unknown,Servicing & Policy Admin,Service Request,Unknown,Unknown,Resignation,Medium,"Event: DND activation request. Process: Customer requested DND activation from ICICI Lombard and is awaiting confirmation. Outcome: Customer is experiencing a delay in confirmation and expresses patience, implying a lack of prompt resolution.",2,3,Medium
https://twitter.com/ICICILombard/status/2036031764905263308#m,"Mar 23, 2026","Dear Balakrishnan,    We hope you are keeping well.    Thank you for writing to us.  We have received your concerns regarding data breach issue  We would like to update you that as checked there is no Data leakage from ICICI LOMBARD, Further if you would like to 1/3",266,unknown,1,unknown,Servicing & Policy Admin,Query Resolution,Unknown,Misrepresentation / Incomplete Explanation,Confusion,Medium,"Event: Customer raised concerns about a data breach. Process: ICICI Lombard investigated the claim. Outcome: ICICI Lombard denied any data leakage from their end, leaving the customer's concern unresolved.",2,2,Medium
https://twitter.com/CrickidaV/status/2036004523026874445#m,"Mar 23, 2026","Icici Lombard, cheated me to the core, in spite of me having Star policy for 7 years switched to ICICI Lombard under portability. Surprised to notice now, they didn't mention my earlier portable insurance details. Be careful guys with all insurance cos.",253,unknown,0,unknown,Onboarding & Policy Understanding,Policy Purchase,Agent / Advisor,Misrepresentation / Incomplete Explanation,Betrayal,High,Event: Customer switched from Star policy to ICICI Lombard. Process: ICICI Lombard allegedly did not mention the earlier portable insurance details during the switch. Outcome: Customer feels cheated and warns others about insurance companies.,1,1,Medium
https://twitter.com/VikashS84414932/status/2035946963099943414#m,"Mar 23, 2026",@ICICILombard dear sir I'm vikash Sharma from I'm given complaint recording my car ins. Claim MH03EF3369 please check and solve this and call me claim no MOT17387152 but not claim required part continue call to ICICI Lombard but not response very very bad sarvice ICICI Lombard,277,unknown,1,unknown,Claims Experience,Claim Processing,Claims / TPA,Process / Documentation Friction,Anger,High,"Event: Customer filed a car insurance claim (MOT17387152) for vehicle MH03EF3369. Process: Customer is continuously calling ICICI Lombard for claim resolution and required parts but is not receiving a response. Outcome: The claim is unresolved due to lack of response from ICICI Lombard, leading to a very bad service experience.",1,1,Medium
https://twitter.com/ICICILombard/status/2034242254521372928#m,"Mar 18, 2026","Dear Pradip,  Thank you for contacting ICICI Lombard.  We have received your case addressed through with regard to claim number MOxxxxx310.  We have reviewed your case and we confirm you that said claim is rejected per policy terms and conditions due to the below-mentioned remark:  Rejection Reason: The cause of loss shared did not match the vehicle actual condition, with key details missing or incorrect. This appears to be an attempt to withhold important facts about the loss, which is considered misrepresentation as per your policy terms. Therefore, your claim is not eligible for processing at this time. As per your policy term.  We look forward to continuing to serve you.",683,unknown,2,unknown,Claims Experience,Claims,Claims / TPA,Misrepresentation / Incomplete Explanation,Resignation,High,"Claim filed for a vehicle loss, ICICI Lombard reviewed the case and rejected the claim per policy terms and conditions because the cause of loss shared did not match the vehicle actual condition, with key details missing or incorrect, indicating an attempt to withhold important facts about the loss, which is considered misrepresentation as per policy terms.",2,1,Medium
https://twitter.com/RkMahajan21/status/2034179878438965430#m,"Mar 18, 2026","@ICICILombard CAUTION TO PUBLIC: If you take insrance policy from ICICI Lombard, you will have to fight for your rights. In my case it did not approve 25% of the claim even under Zero Dep Policy. It cited a provision of th Motor Vehicle Act but it could not produce any evidence.",279,unknown,0,unknown,Claims Experience,Claims,Claims / TPA,Misrepresentation / Incomplete Explanation,Anger,High,"Customer was cautioned that if they take a policy from ICICI Lombard, they will have to fight for their rights, as in their case, ICICI Lombard did not approve 25% of the claim even under a Zero Dep Policy, citing a provision of the Motor Vehicle Act without producing any evidence.",2,1,Medium
https://twitter.com/Akash_Gupta123/status/2033984243425284347#m,"Mar 17, 2026","Don't ever register a claim through policybazar.   I took ICICI Lombard insurance from PB. My claim was stuck somewhere but I resolved with icici and claim passed and settled, PB guy called and told me that claim will be passed in 24-48 Hrs.",241,unknown,0,unknown,Claims Experience,Claims Processing,Digital / App / Website,Process / Documentation Friction,Resignation,Medium,"Customer purchased ICICI Lombard insurance from Policybazaar. Their claim was initially stuck but resolved directly with ICICI Lombard. A Policybazaar representative then called, promising claim settlement within 24-48 hours.",3,3,Medium
https://twitter.com/sandeepk0505/status/2033944495717552491#m,"Mar 17, 2026","@ICICILombard Hi, I have applied for your Health policy  Elevate on 15/03/2026.and still it is not issued. Can you confirm why it is still not issued. Very pathetic and poor service by Icici Lombard company. Request you to kindly cancel it and refund my money.",260,unknown,1,health,Onboarding & Policy Understanding,Policy Issuance,Unknown,Process / Documentation Friction,Anger,High,Customer applied for ICICI Lombard Health policy 'Elevate' on 15/03/2026 and it has not been issued. Customer requests cancellation and refund due to poor service.,5,4,Medium
https://twitter.com/dharam35868/status/2033873500629569584#m,"Mar 17, 2026",@ICICI_Direct  ICICI Lombard इंश्योरेंस कभी ना करवाऐ लूटने का काम करते हैं कस्टमर को छोटा-मोटा टूट फूट होगा तो पास कर देंगे अगर ज्यादा टूट होगी तो नहीं करते हैं चोर हैं आईसीआईसीआई लोंबार्ड इंश्योरेंस कंपनी,205,unknown,1,unknown,Claims Experience,Claims Processing,Unknown,Misrepresentation / Incomplete Explanation,Anger,High,"Customer states ICICI Lombard insurance is a scam, they pass small claims but reject larger ones. They call the company thieves.",2,2,Medium
https://twitter.com/ICICILombard/status/2033808516335460856#m,"Mar 17, 2026","Dear Neha,  Thank you for contacting ICICI Lombard.  We have received your case addressed to claim number IN13xxxx8675 and  INxxxxx8676.  We have shared the response on your registered email id, please refer the same.  We look forward to continuing to serve you.",262,unknown,0,unknown,Servicing & Policy Admin,Claim Processing,Digital / App / Website,Process / Documentation Friction,Resignation,Medium,Event: Claim filed for policy numbers IN13xxxx8675 and INxxxxx8676. Process: ICICI Lombard received the case and shared a response via email. Outcome: Response shared on registered email.,3,4,Medium
https://twitter.com/kilevrr02/status/2033788460914643002#m,"Mar 17, 2026","@ICICILombard it's not ICICI LOMBARD .. it's ICICI LABAAD.. once you take insurance u r locked under its valuable services..like to get your call disconnected, bagging of insurance claim..best surveyor and surveyors seniors...who never help u ...they just help u to be stuck",274,unknown,1,unknown,Servicing & Policy Admin,Claim Processing,Claims / TPA,Misrepresentation / Incomplete Explanation,Anger,High,Event: Customer purchased insurance from ICICI Lombard. Process: Claim was denied and calls were disconnected. Outcome: Customer feels locked into 'valuable services' that hinder claim resolution.,2,2,Medium
https://twitter.com/Zubbushaikzr/status/2033760529190424844#m,"Mar 17, 2026","@ICICILombard @irdaiindia @jagograhakjago @consaff Very poor experience with ICICI Lombard. Raised a vehicle claim 5 days ago & getting 4–5 repeated verification calls daily asking same details. Today I submitted my vehicle, but received another request to submit it again.",273,unknown,0,unknown,Servicing & Policy Admin,Claim Processing,Claims / TPA,Process / Documentation Friction,Anger,High,"Event: Customer raised a vehicle claim with ICICI Lombard 5 days ago. Process: Customer is receiving 4-5 repeated verification calls daily asking for the same details, and was asked to submit the vehicle again today despite submitting it previously. Outcome: Very poor experience with repeated verification calls and redundant requests.",2,3,Medium
https://twitter.com/yuvaraj1488948/status/2033533738727186737#m,"Mar 16, 2026","icici Lombard super topup rejected the policy for my father (age 60) and approved only for my mother. Rejection reason, My father had a right knee replacement surgery 15 months back. Is there a way to issue a policy with permanent exclusion? We applied thru agent.",264,unknown,1,health,Claims Experience,Rejection,Agent / Advisor,Product Design or Complexity,Confusion,Medium,"ICICI Lombard rejected a super top-up policy for the father due to a past knee replacement surgery, while approving it for the mother, and the user is asking about issuing a policy with a permanent exclusion.",3,2,Medium
https://twitter.com/datta_arvind/status/2033152199031971991#m,"Mar 15, 2026","These days as soon as you make the payment within a couple of minutes the policy copy is recieved on the email. As a agency partner we get and the client gets it. Atleast I can talk about ICICI Lombard with whom we work for Motor, Health, SME and travel insurance.",264,unknown,2,unknown,Onboarding & Policy Understanding,Policy Issuance,Agent / Advisor,Unknown,Resignation,Low,"As an agency partner, the user confirms that ICICI Lombard provides policy copies via email within minutes of payment for Motor, Health, SME, and travel insurance, indicating a smooth onboarding process.",5,5,Medium
https://twitter.com/SanjayYada7n/status/2033015180817510523#m,"Mar 15, 2026","🚨Many people are talking about the “Infinite Cover” feature in the Elevate health policy from ICICI Lombard.  👉But while studying the policy wording, one clause caught my attention - the 90-day clause.  👇Here is what most buyers don’t realise: ⚠ Even after the standard 30-day waiting period, some illnesses may still not be covered for 90 days from the policy start. The clause specifically mentions lifestyle diseases like: • Hypertension • Diabetes • Certain cardiac conditions  👇Meaning:- If someone buys the policy today and is diagnosed with any of these conditions within 90 days, the claim may not be payable.  This becomes important because these are some of the most common medical conditions in India today.  Another important point 👇 If you increase the sum insured later, the 90-day waiting period can apply again on the increased portion.  Most customers believe that once the 30-day waiting period is over, everything is covered.  But policy wording often tells a different story.  I’m not saying this policy is bad. But as advisors and customers, we must remember one thing: Features look attractive in brochures.  Real understanding comes from reading the policy wording.  If you ever feel confused about policy clauses, claim rules, or health insurance selection, feel free to reach out to me.  With 15+ years in insurance, I’m always happy to guide people so they don’t learn these things the hard way.  DM OR Comment- Guide me.   #HealthInsurance #InsuranceAwareness #PolicyWordings #InsuranceAdvisor #Mumbai #Banglore #Hyderabad #Chennai #Pune #Orisa #Lucknow #DelhiNCR #Indore #TamilNadu #Kolkata #icicilombard",1632,unknown,18,health,Onboarding & Policy Understanding,Policy Understanding,Agent / Advisor,Misrepresentation / Incomplete Explanation,Confusion,Medium,"The user highlights a 90-day waiting period clause in ICICI Lombard's Elevate health policy for lifestyle diseases like hypertension and diabetes, which is often not understood by customers even after the standard 30-day waiting period, and this can lead to claim rejection.",4,3,Medium
https://twitter.com/TheLazyFighter/status/2032757959223370195#m,"Mar 14, 2026","If it's having a wait period for some disease, isn't it the same as buying a new policy   Anyways how do i contact you for opinion on revising my family health policy .. current is icici Lombard ( if and what upgrades are required)",231,unknown,2,health,Onboarding & Policy Understanding,Servicing & Policy Admin,Unknown,Product Design or Complexity,Confusion,Medium,Event: Considering revising family health policy. Process: Inquiring about contacting the user for opinion on revising current ICICI Lombard policy and potential upgrades. Outcome: Seeking advice on policy revision.,3,3,Medium
https://twitter.com/RaghviLuthra/status/2032738410683888042#m,"Mar 14, 2026",I have rasied a insurance claim request on icici Lombard but its been 4 days the claim manager didn't contact me also when i call him he is not receiving call and cut the call everytime what is this behaviour.@ICICIBank @PMOIndia @jagograhakjago,245,unknown,3,unknown,Servicing & Policy Admin,Claims Experience,Claims / TPA,Process / Documentation Friction,Anger,High,"Event: Raised an insurance claim request on ICICI Lombard. Process: Claim manager has not contacted for 4 days, and when called, the manager is not receiving calls and cuts the call. Outcome: Lack of communication and responsiveness from the claim manager.",4,4,Medium
https://twitter.com/Sreenir/status/2032386545760764105#m,"Mar 13, 2026","If New India assurance company and Mediassit can approve the claim in one week and my son was dischareged from hospital after claim approval, why is ICICI Lombard taking more than 70 days to take a decision to approve or reject a claim?",236,unknown,0,health,Claims Experience,Claims Processing Delay,Claims / TPA,Process / Documentation Friction,Anger,High,Event: Hospital discharge after claim approval. Process: ICICI Lombard taking more than 70 days to approve or reject a claim. Outcome: Significant delay in claim decision compared to other insurers.,3,3,Medium
https://twitter.com/Sreenir/status/2032379449858240655#m,"Mar 13, 2026","my son passed class 1 medical for pilot training, in that report the doctor mentioned Dyslipidemia and advised low fat diet,there were no medicines or future consultations. But the ICICI lombard doctors processing the claim are repeatedly asking for past history again and again.",279,unknown,1,health,Claims Experience,Claim Re-evaluation / Repeated Information Request,Claims / TPA,Process / Documentation Friction,Confusion,Medium,Event: Son passed medical for pilot training with a diagnosis of Dyslipidemia. Process: ICICI Lombard doctors repeatedly asking for past history despite no medicines or future consultations advised. Outcome: Claim processing is hindered by repeated requests for information.,3,3,Medium
https://twitter.com/Sreenir/status/2032378474900701410#m,"Mar 13, 2026","@ICICILombard My son cashless claim with The new india assurance was settled, remaining amount claimed with icici lombard booster policy, its more than 70 days still the doctors are asking for same information again and again which i have provided many times",258,unknown,4,health,Claims Experience,Claim Processing Delay,Claims / TPA,Process / Documentation Friction,Anger,High,"Event: Son's cashless claim with New India Assurance was settled, remaining amount claimed with ICICI Lombard booster policy. Process: More than 70 days have passed, and doctors are repeatedly asking for the same information provided multiple times. Outcome: Significant delay in settling the remaining claim amount due to repeated information requests.",3,3,Medium
https://twitter.com/VaibhavKatiyarr/status/2031612815614816331#m,"Mar 11, 2026",@TataMotors @ICICILombard @DFS_India @COmbudsmen @irdaindia I have taken policy from ICICI Lombard through TMI and my claim MOT17324049 pending  now they are giving partial claim only without proper justification will insurance ombudsmen will take action against insurance company,280,unknown,14,unknown,Claims Experience,Claims,Agent / Advisor,Process / Documentation Friction,Confusion,Medium,Taken policy from ICICI Lombard through TMI and my claim MOT17324049 pending now they are giving partial claim only without proper justification.,3,2,Medium
https://twitter.com/Is_it_Shubham/status/2031555286352437577#m,"Mar 11, 2026",I faced the same issue with ICICI LOMBARD. They could not recognise the payment done against the request sent by them. They kept on sending me masseages and links which took me to some stupid recorded message.,209,unknown,1,unknown,Servicing & Policy Admin,Servicing,Digital / App / Website,Process / Documentation Friction,Confusion,Medium,Faced the same issue with ICICI LOMBARD. They could not recognise the payment done against the request sent by them. They kept on sending me masseages and links which took me to some stupid recorded message.,3,3,Medium
https://twitter.com/shashank_in3/status/2031493830231601547#m,"Mar 10, 2026","Just now, I tried again to upload documents using ICICI Lombard chat Bot, it is saying, ""Apologies! There was a technical issue in fetching details. Please try again in some time."" And till date i didn't receive any update regarding documents from Surveyor/Showroom @MantriSanjeev",280,unknown,2,unknown,Servicing & Policy Admin,Servicing,Digital / App / Website,Process / Documentation Friction,Resignation,Medium,"Tried again to upload documents using ICICI Lombard chat Bot, it is saying, ""Apologies! There was a technical issue in fetching details. Please try again in some time."" And till date i didn't receive any update regarding documents from Surveyor/Showroom.",4,4,Medium
https://twitter.com/its__Heisenberg/status/2031392395221401641#m,"Mar 10, 2026",Scam Alert! Below is the before and after pics of my friends vehicle accident. He has insurance of @ICICIBank (ICICI Lombard) and they rejected the claim saying it had scratches before. Rediculous!! And after that they stopped picking up call even the manager level people.,273,unknown,6,unknown,Claims Experience,Claim Rejection,Unknown,Misrepresentation / Incomplete Explanation,Anger,High,"Vehicle accident occurred, ICICI Lombard rejected the claim stating pre-existing scratches, and subsequently stopped responding to calls.",2,1,Medium
https://twitter.com/AnweshkuNayak/status/2031274854297817244#m,"Mar 10, 2026","@ICICILombard Guys whoever is reading this tweet, please don’t buy any policy from ICICI Lombard Health insurance, their support is horrible. Read my all last tweets, and check how they are supporting. In coming days I will post all their bad support with screenshots.",268,unknown,1,health,Servicing & Policy Admin,Poor Customer Support,Digital / App / Website,Process / Documentation Friction,Anger,High,"User advises against buying ICICI Lombard Health insurance due to horrible support, promising to post evidence of bad support with screenshots.",2,2,Medium
https://twitter.com/Meetsolanki4852/status/2031245844851339566#m,"Mar 10, 2026","@ICICIBank @ICICIBank_Care @ICICI_Direct @ICICIPruMF @jagograhakjago  Fed up with the calls from icici lombard.   Non-stop spam calls every single day despite repeatedly saying NOT INTERESTED. This is not marketing, this is harassment.",235,unknown,1,unknown,Servicing & Policy Admin,Unwanted Communication,Digital / App / Website,Process / Documentation Friction,Anger,High,"User is fed up with non-stop spam calls from ICICI Lombard despite repeatedly stating they are not interested, describing it as harassment.",3,3,Medium
https://twitter.com/Saurabh21056793/status/2031243217304432933#m,"Mar 10, 2026",@ICICILo01387173 @lombard_ic68058 सर जी मेरे गाड़ी का एक्सीडेंट हो गया है और गाड़ी नहीं बना रहे है कृपया बनवाए @PMOIndia @jagograhakjago @KiaInd कृपया आदेश दे गाड़ी नंबर UP70HQ4882 KIA SONET  INSURENCSE - ICICI LOMBARD,218,unknown,0,unknown,Claims Experience,Claim Rejection,Unknown,Misrepresentation / Incomplete Explanation,Anger,High,"User's car had an accident, and ICICI Lombard is not repairing it, prompting a request for intervention from higher authorities.",2,1,Medium
https://twitter.com/rockysingh46204/status/2031002230133051843#m,"Mar 9, 2026","I faced it.... without insurance operation cost was 75K. With Insurance they sent bill of 103K. Right Kidney single stone removal by laser. jan 2024 ICICI Lombard Inse bhi aage nikle, salo ne diye kewal 51000, baki k 14000 mujhe bharne pade",240,unknown,1,health,Claims Experience,Claims Processing,Claims / TPA,Misrepresentation / Incomplete Explanation,Anger,High,Event: Underwent kidney stone removal surgery in Jan 2024. Process: ICICI Lombard paid only 51000 out of 103000 billed amount. Outcome: Customer had to pay the remaining 14000.,3,2,Medium
https://twitter.com/Sandeepkonchad3/status/2030907987678638327#m,"Mar 9, 2026",@COmbudsmen  Complaint ONL-HYD-H-020-2526-02154 (29-Dec-2025) about ICICI Lombard still shows “Registration – In process.” No update despite reminders. Requesting guidance for my senior citizen parents’ coverage.,212,unknown,0,health,Servicing & Policy Admin,Policy Servicing,Unknown,Process / Documentation Friction,Resignation,Medium,Event: Filed a complaint (ONL-HYD-H-020-2526-02154) on 29-Dec-2025 regarding senior citizen parents' coverage. Process: The complaint status shows 'Registration – In process' with no update despite reminders. Outcome: No resolution or update provided.,4,3,Medium
https://twitter.com/akmal_saiyad/status/2030306869986861384#m,"Mar 7, 2026","Reminder: Avoid ICICI Lombard Insurance. My genuine claim was rejected due to a wrongly applied sub-limit, and the experience was extremely frustrating. Think twice before trusting ICICI Lombard with your family’s security.",223,unknown,0,unknown,Claims Experience,Claims Rejection,Unknown,Misrepresentation / Incomplete Explanation,Anger,High,"Event: Genuine claim rejection. Process: Claim was rejected due to a wrongly applied sub-limit. Outcome: Claim rejected, leading to frustration.",3,2,Medium
https://twitter.com/Chaintweter/status/2030221091311157446#m,"Mar 7, 2026","Im supposed to pay vehicle insurance premium in April'26 with Tata AIG, received a reminder msg & call from ICICI Lombard and that guy is asking to pay premium now... He says I have your data base that's y I called... How come ICICI Lombard know my vehicle number? Data leakage?",278,unknown,14,unknown,Servicing & Policy Admin,Data Leakage,Agent / Advisor,Unknown,Confusion,Medium,"Event: Reminder call for vehicle insurance premium. Process: ICICI Lombard agent called to pay premium before due date, claiming to have customer data. Outcome: Customer questioned data leakage and how ICICI Lombard obtained their vehicle number.",4,3,Medium
https://twitter.com/Priyanshu_XI/status/2029797903552893182#m,"Mar 6, 2026",date. I have sent multiple emails and messages but there is no response or clear timeline from their team. Because of this delay my work is suffering and I am facing financial inconvenience. Request ICICI Lombard and IRDAI to kindly look into this matter and help resolve,271,unknown,1,unknown,Servicing & Policy Admin,Process / Documentation Friction,Unknown,Process / Documentation Friction,Resignation,Medium,Event: Work suffering due to delay. Process: Sent multiple emails and messages to ICICI Lombard with no response or clear timeline. Outcome: Facing financial inconvenience.,3,3,Medium
https://twitter.com/Priyanshu_XI/status/2029797901195694232#m,"Mar 6, 2026",Facing extremely poor customer service from ICICI Lombard. My motor claim MOT17310010 is still pending and my car has been lying at the workshop since 18 Feb.The first inspection did not cover the full damage and I requested reinspection but no proper action has been taken till,278,unknown,3,motor,Servicing & Policy Admin,Process / Documentation Friction,Claims / TPA,Process / Documentation Friction,Anger,High,"Event: Motor claim MOT17310010 pending. Process: Car at workshop since Feb 18, first inspection did not cover full damage, requested reinspection but no proper action taken by ICICI Lombard. Outcome: Extremely poor customer service, car lying at workshop.",4,4,Medium
https://twitter.com/ICICILombard/status/2029183943912652969#m,"Mar 4, 2026","Dear Maarisha,  We hope you are keeping well.   Your case is reviewed thoroughly and we regret to inform you that claim number MOXXXXXXXXX has been rejected.   Rejected reason: Weare unable to process the claim for the above stated reason(s), and in such case, we would be treating the claim as VNR (Vehicle Not Reported) and hence ICICI Lombard shall not have any liability in respect of the captioned subject matter.   Thank you for giving us the opportunity to serve you.",474,unknown,0,unknown,Claims Experience,Claims Processing,Claims / TPA,Process / Documentation Friction,Resignation,Medium,"Claim number MOXXXXXXXXX was rejected by ICICI Lombard because they were unable to process it, treating it as VNR (Vehicle Not Reported), and therefore ICICI Lombard has no liability.",3,2,Medium
https://twitter.com/AnweshkuNayak/status/2029159673044316536#m,"Mar 4, 2026","@ICICILombard Never expected such bad support from ICICI Lombard health insurance company. Booked health check up appointment for my parents that I paid as add on, but it got cancelled automatically without asking me. Even no notification that it got cancelled. Worst experience.",279,unknown,2,health,Servicing & Policy Admin,Claims Experience,Unknown,Process / Documentation Friction,Confusion,Medium,Event: Health check-up appointment booked. Process: Appointment cancelled automatically without notification. Outcome: Worst experience.,2,3,Low
https://twitter.com/AjmerAsks/status/2028793755223134311#m,"Mar 3, 2026","Please provide the name and medical registration number of the ICICI Lombard doctor who decided that a patient with Hemoglobin 7 and inability to walk did not require admission, overruling the treating hospital's specialist.",224,unknown,0,health,Servicing & Policy Admin,Claims Experience,Unknown,Misrepresentation / Incomplete Explanation,Anger,High,Event: Patient with severe medical condition. Process: ICICI Lombard doctor overruled treating hospital's specialist regarding admission. Outcome: Patient denied admission.,1,1,Medium
https://twitter.com/AbhayBansal28/status/2028786924807504237#m,"Mar 3, 2026",@ICICILombard #fraud attching screenshot to let everyone know that how ICICI Lombard lies on behalf of providing transparent services to their customers. My spam calls are open still didn't received any calls from them but see what they have mentioned.,252,unknown,1,unknown,Servicing & Policy Admin,Claims Experience,Unknown,Misrepresentation / Incomplete Explanation,Betrayal,High,"Event: Customer expected transparent services. Process: ICICI Lombard claimed customer did not receive spam calls, contradicting customer's experience. Outcome: Customer feels ICICI Lombard lies.",1,1,Medium
https://twitter.com/OrhanS47307/status/2028771208226062581#m,"Mar 3, 2026","""Never take insurance from ICICI Lombard. I had an accident and when I claimed for my bike, they rejected it saying that it was old damage. I don’t know who told them it was old damage. I feel like they have become God and are deciding everything on their own. @ICICILombard",274,unknown,6,savings,Claims Experience,Claims Experience,Agent / Advisor,Misrepresentation / Incomplete Explanation,Anger,High,"Event: Bike accident. Process: Claim filed with ICICI Lombard. Outcome: Claim rejected, stating damage was old, which the customer disputes.",2,2,Medium
https://twitter.com/Tejasjunior/status/2028421119510982659#m,"Mar 2, 2026","@ICICI Lombard – Extremely disappointed. My cashless claim was rejected right after discharge today without proper clarification. No clear reason provided, and now I’m forced to bear the full cost. Request  transparency on this matter. Dont just provide general reasons.",270,unknown,2,health,Claims Experience,Claims Rejection,Claims / TPA,Process / Documentation Friction,Disappointment,High,"Customer's cashless claim was rejected right after discharge without proper clarification, leading to the customer bearing the full cost and requesting transparency from ICICI Lombard.",3,2,Medium
https://twitter.com/Kumar05Aditya/status/2027996341121749256#m,"Mar 1, 2026",@ICICIBank @ICICILombard what the hell service provide by ICICI Lombard first not provided full claim and only provided cashless facility where registered service centre not provided service I have visited 4time with my vehicle and still work remaining,252,unknown,1,unknown,Servicing & Policy Admin,Claims Experience,Claims / TPA,Process / Documentation Friction,Anger,High,"Event: Vehicle damage, Process: Filed claim with ICICI Lombard, Outcome: Incomplete claim resolution, only cashless facility provided, and registered service center did not provide service after 4 visits.",3,2,Medium
https://twitter.com/madhavganesh14/status/2027756773604790548#m,"Feb 28, 2026",Till now icici was giving lame excuse that it didn't receive documents despite 7 months of a poor guy Mr Mantu Kumar from Bihar partially losing his 3 fingers. If people from icici Lombard are sent behind bars for harassing poor guy. It will be stern message.,259,unknown,1,unknown,Claims Experience,Claims Experience,Unknown,Process / Documentation Friction,Anger,High,"Event: Injury (partially losing 3 fingers), Process: Claim filed with ICICI Lombard, Outcome: ICICI Lombard provided lame excuses about not receiving documents for 7 months, leading to harassment of the claimant.",4,3,Medium
https://twitter.com/MohadShubham/status/2027634037536460985#m,"Feb 28, 2026","Dear ICICI Lombard, Premium was collected on time. But when it’s time to pay farmers’ crop insurance claims, why the delay? Is this how farmers are treated after crop damage? Kindly clear all pending crop insurance payments immediately. Farmers deserve justice, not excuses.",274,unknown,0,unknown,Claims Experience,Claims Processing Delay,Unknown,Process / Documentation Friction,Anger,High,Event: Crop damage leading to insurance claims. Process: Premium collected on time by ICICI Lombard. Outcome: Delay in paying farmers' crop insurance claims.,4,3,Medium
https://twitter.com/MohadShubham/status/2027633718161224149#m,"Feb 28, 2026","@ICICILombard @PMOIndia @CMOMaharashtra @LabourMinistry    Dear ICICI Lombard, Premium was collected on time. But when it’s time to pay farmers’ crop insurance claims, why the delay? Is this how farmers are treated after crop damage? Farmers deserve justice, not excuses.  #Kisan",279,unknown,0,unknown,Claims Experience,Claims Processing Delay,Unknown,Process / Documentation Friction,Anger,High,Event: Crop damage leading to insurance claims. Process: Premium collected on time by ICICI Lombard. Outcome: Delay in paying farmers' crop insurance claims.,4,3,Medium
https://twitter.com/ConHoonMain/status/2027623436835758538#m,"Feb 28, 2026","Hi @Paytmcare, I bought a ICICI Lombard vehicle policy from your platform on which I was given a 50% NCB as I didn’t take any claim in my previous policy. Now the ICICI Lombard is not processing the claim stating I can’t get a 50% NCB. Could you please look into this.",268,unknown,1,unknown,Claims Experience,Claim Denial,Digital / App / Website,Misrepresentation / Incomplete Explanation,Confusion,Medium,"Event: Purchase of ICICI Lombard vehicle policy via Paytm. Process: Customer was given 50% NCB based on previous policy, but ICICI Lombard is now not processing a claim stating the NCB is invalid. Outcome: ICICI Lombard is not processing the claim due to the NCB issue.",4,3,Medium
https://twitter.com/AbhayBansal28/status/2027331002625143247#m,"Feb 27, 2026","@ICICILombard Icici Lombard has sold me a policy by making false statements. I bought the policy on 28th January 2026, just waiting for the 30 days period to complete the waiting time. Now on a very first day I tried to use the policys claim for medicine they denied to cover.",276,unknown,3,health,Claims Experience,Claims Processing,Digital / App / Website,Misrepresentation / Incomplete Explanation,Betrayal,High,"Event: Purchased policy on Jan 28, 2026. Process: Tried to use policy for medicine claim after waiting period. Outcome: Claim denied for medicine coverage due to false statements made during sale.",4,3,Medium
https://twitter.com/MohadShubham/status/2027324360332292275#m,"Feb 27, 2026","@ICICILombard Dear ICICI Lombard, Farmers have already suffered crop losses. We trusted your crop insurance policy. Why is the claim amount still pending? How long do farmers have to wait for their rightful money? Please release the crop insurance payment at the earliest.",272,unknown,1,savings,Claims Experience,Claims Processing,Claims / TPA,Process / Documentation Friction,Resignation,High,"Event: Farmers suffered crop losses. Process: Trusted ICICI Lombard crop insurance policy and filed claims. Outcome: Claim amounts are still pending, causing farmers to wait for their rightful money.",4,2,Medium
https://twitter.com/Traderfaizan26/status/2027246817449243114#m,"Feb 27, 2026","I had best experience with icici lombard, last year when i was staying in ahemdabad i was going for surgery of cholesteatoma, literally they approved every penny i spent, which was approx 2.5 lakh, even they refund for medcine as well hustle free.",247,"Ahmedabad, India",3,health,Claims Experience,Claims Processing,Unknown,Unknown,Anger,High,"Event: Underwent surgery for cholesteatoma. Process: ICICI Lombard approved all expenses, including medicine refunds. Outcome: Hustle-free experience with full reimbursement of approximately 2.5 lakh.",5,5,Medium
https://twitter.com/TheCaravaan/status/2027237512557781069#m,"Feb 27, 2026",Recently ICICI Lombard declined a claim - a woman had fibroids and doc suggested for surgery to remove it. ICICI Lombard tagged this to Fertility and repudiated.  How sick of them to conclude while doctor's report and discussion flagged about grave realistic issues faced by woman,280,unknown,0,health,Claims Experience,Claims Rejection,Unknown,Misrepresentation / Incomplete Explanation,Anger,High,"ICICI Lombard declined a health claim for surgery related to fibroids, tagging it to fertility treatment, despite the doctor's report indicating serious medical issues.",2,1,Medium
https://twitter.com/Chandansahani4/status/2027033044918632545#m,"Feb 26, 2026","🚨Concern Regarding SBI Card Flexipay Charges🚨 I converted a transaction of ₹14,117.38 (07 Jan 26 – ICICI Lombard) into Flexipay on 12 Jan 26. Full outstanding ₹14,147.08 was auto-debited on 31 Jan 26. Yet, new EMI & interest charges appeared in February. 👇 @SBICard_Connect",273,unknown,1,unknown,Servicing & Policy Admin,Billing Issue,Digital / App / Website,Process / Documentation Friction,Confusion,Medium,"Customer converted an SBI Card transaction related to ICICI Lombard into Flexipay, paid the full outstanding, but still incurred new EMI and interest charges in the following month.",3,3,Medium
https://twitter.com/SurjeetSiddu/status/2027018261074948267#m,"Feb 26, 2026",I have already paid the claim which ICICI Lombard has approved after stating my claim. I have already paid the extra EMI. First you give me my money. I have not made any claim till date. I have received only Rs 795 in reimbursement. Right now I have Rs 4418 outstanding. Please,277,unknown,2,unknown,Claims Experience,Claim Payment Issue,Unknown,Process / Documentation Friction,Anger,High,"Customer states they have paid an approved claim amount to ICICI Lombard and also paid an extra EMI, but have not received their money and only received a small reimbursement, with a significant outstanding balance remaining.",3,2,Medium
https://twitter.com/ICICILombard/status/2026931724215628111#m,"Feb 26, 2026","Dear Sir,   Thank you for writing to us. We acknowledge receipt of your query regards payment from unknown sites related with ICICI LOMBARD.  We request you to kindly share your policy details or your contact details for further process.  We are reviewing the case, and you can expect an update from us within 4 working days.   We appreciate your patience and assure you of our full attention to the matter.",407,unknown,1,unknown,Servicing & Policy Admin,Claims Experience,Unknown,Process / Documentation Friction,Confusion,Medium,"Customer queried ICICI Lombard about payments from unknown sites, ICICI Lombard acknowledged receipt, requested policy details for further process, and assured an update within 4 working days.",3,4,Medium
https://twitter.com/TaabarTod/status/2026675142256939179#m,"Feb 25, 2026","Do not go to @CareHealthIndia ,they are totally opaque while settlement,very sweet while soliciting,absent when you need advise.Ported from ICICI Lombard without claims for 9 yrs(very high premium) to Care and they approve 40%on my first hospitalization after four years.Family has 3 policies,will port on renewal.Once again,do not go for @CareHealthIndia ,very bad experience",376,unknown,1,health,Claims Experience,Claims Settlement,Unknown,Misrepresentation / Incomplete Explanation,Betrayal,High,"Customer ported from ICICI Lombard to Care Health India after 9 years with ICICI Lombard without claims. Care Health India approved only 40% of the first hospitalization claim after four years, leading to regret and intent to port away from Care Health India.",3,2,Medium
https://twitter.com/bobworld/status/2026668544587608167#m,"Feb 25, 2026","Ever since ICICI Lombard rejected my small claim of ₹15,000 in 2009 (despite high premium for sedan), which I got it repaired privately at just ₹3,000 (so small, when not done in a showroom), I decided that's last deal with ICICI. Not just me, more than 200 of my friends &fam🤪",277,unknown,0,unknown,Claims Experience,Claims Rejection,Unknown,Process / Documentation Friction,Anger,High,"ICICI Lombard rejected a small claim of ₹15,000 in 2009 for a sedan, despite a high premium. The customer got it repaired privately for ₹3,000 and decided to stop dealing with ICICI Lombard, influencing over 200 friends.",3,1,Medium
https://twitter.com/Kokrki/status/2026642326802805069#m,"Feb 25, 2026","@ICICILombard मुझे ICICI लोम्बार्ड के नंबर 7249032238 से लगातार मैसेज और कॉल करके परेशान किया जा रहा है, जिसमें इंश्योरेंस के लिए कहा जा रहा है। मैंने ICICI को अपने DND नंबर पर कॉल करने की परमिशन नहीं दी है। प्लीज़, इन कॉल और मैसेज से मेरी प्राइवेसी का उल्लंघन और लगातार परेशान करना तुरंत बंद करें। मैंने ICICI Lombard को कोई भी बात याद दिलाने के लिए नौकरी पर नहीं रखा है।  उनसे मेरा नंबर अपने डेटा से हटाने के लिए कहने के बावजूद, वे कॉल और मैसेज करना जारी रखते हैं, जो ठीक  नहीं है। मैं इसके लिए पूरी तरह से ICICI CEO को ज़िम्मेदार मानता हूँ। इसलिए, प्लीज़ अपने डेटाबेस के  रिकॉर्ड चेक करें और मेरा नंबर अपने डेटाबेस से हटा दें या इसे DND मोड पर डाल दें।   नोट: चूँकि ICICI bank ने मेरा पैसा हड़पा है जिसके बारे में काफ़ी शिकायत करने के बाद भी मेरा पैसा नहीं लौटाया अतः इस तरह के बेशर्म सर्विस प्रदाता से मुझे किसी भी तरह का रिश्ता नहीं रखना है। अतः  इस शिकायत के बारे में कॉल न करें या DM में मेरा नंबर मांगने की कोशिश न करें। अपनी बातें या सवाल यहाँ इस पोस्ट पर या ईमेल से बताएँ। लगातार परेशान करने पर CEO के खिलाफ़ लीगल एक्शन हो सकता है। #ICICI #INSURANCE",1059,unknown,1,unknown,Servicing & Policy Admin,Unsolicited Communication,Unknown,Misrepresentation / Incomplete Explanation,Anger,High,"Customer is being harassed by continuous messages and calls from ICICI Lombard regarding insurance, despite not giving permission for calls on their DND number. The customer has asked ICICI Lombard to remove their number from their database, but the calls and messages continue, leading to a demand for legal action against the ICICI CEO.",5,4,Medium
https://twitter.com/rajeshkmoorthy/status/2026622118713241860#m,"Feb 25, 2026","This @ICICILombard idiots tricked me.   My bike policy is expiring in 2029 and these cheaters sent me a cunningly formatted email in such a way that the date is in one line and the year in the next. Also, they timed it in such a way that the date of the email is one day before the said expiry date.   The moment I saw the date of expiration (didn’t realize that I am cheated) without checking the actual policy (I was in panic mode the moment I saw that the policy expires the next day), I paid the premium for a policy that’s expiration date is three years from today.   Dear ICICI Lombard, it’s very cheap and cunning for you to do this to your customers. Rather you can beg in the streets or to make more money, you can even do p**** services if you want additional money to ramp up your balance sheet for this year.   This is the last ever policy I am going to take with you and I am going to advice all of my clients and friends to stay away from your pathetic, selfish and downright disgusting way of running your business.",1030,unknown,216,unknown,Onboarding & Policy Understanding,Misleading Communication,Digital / App / Website,Misrepresentation / Incomplete Explanation,Betrayal,High,Customer was tricked by ICICI Lombard with a cunningly formatted email about their bike policy expiring in 2029. The email's date format and timing (one day before expiry) caused the customer to panic and pay for a new policy without checking the actual policy details. The customer expresses extreme dissatisfaction and vows to advise others against ICICI Lombard.,4,2,Medium
https://twitter.com/anandazad/status/2026579660239474910#m,"Feb 25, 2026",Accident on 24 Jan during active policy of ICICI Lombard (expired 27 Jan). Claim registered & surveyed.  Now rejecting citing “7-day intimation” – no such clause in policy copy given by Maruti. Being pressured to withdraw.  I request fair resolution. @ICICILombard #InsuranceClaim,280,unknown,3,health,Claims Experience,Claims Processing,Agent / Advisor,Process / Documentation Friction,Anger,High,Event: Accident on 24 Jan during active policy. Process: Claim registered & surveyed. Outcome: Claim rejected citing '7-day intimation' and customer is being pressured to withdraw.,4,3,Medium
https://twitter.com/TraderKsd/status/2026356024652050805#m,"Feb 24, 2026","@ICICILombard For your information, my prev claim MOT17XXXX20 was withdrawn based on the advice of your ICICI Lombard Surveyor Manager, Nidhin Shaji (+91 XXXX645853). I have attached the audio recording for your reference. I followed all the instructions given by your surveyor.",278,unknown,1,unknown,Claims Experience,Claims Processing,Claims / TPA,Misrepresentation / Incomplete Explanation,Betrayal,High,"Event: Previous claim MOT17XXXX20. Process: Claim withdrawn based on advice of ICICI Lombard Surveyor Manager, Nidhin Shaji. Outcome: Customer followed instructions and has audio recording as evidence.",5,4,Medium
https://twitter.com/iAmJigarC24/status/2026315891374485874#m,"Feb 24, 2026","Tata AIG is the best in Industry, little expensive though.   Apart from that I have been using icici Lombard and have had claims every year since 5 years. Even twice in single year.  All super fast and easy. Only paid basic deductible as applicable.",249,unknown,0,health,Claims Experience,Claims Processing,Unknown,Unknown,Resignation,Medium,"Event: Had claims every year for 5 years, including twice in a single year. Process: Claims were processed. Outcome: All claims were super fast and easy, only basic deductible was paid.",3,5,Medium
https://twitter.com/RPothan/status/2026276234062361071#m,"Feb 24, 2026","I didn't buy this policy to spend time chasing you guys for wrongful deductions, I bought it for seamless claims. I was using ICICI Lombard which was doing a great job, but bit expensive, I was enticed by your cheaper prices. but I now understand what cheap means.",264,unknown,0,health,Servicing & Policy Admin,Claims Experience,Unknown,Misrepresentation / Incomplete Explanation,Anger,High,"I was using ICICI Lombard which was doing a great job, but bit expensive, I was enticed by your cheaper prices. but I now understand what cheap means. I didn't buy this policy to spend time chasing you guys for wrongful deductions, I bought it for seamless claims.",3,2,Medium
https://twitter.com/MadhuriMiglani/status/2026173465360056717#m,"Feb 24, 2026",Policy cancelled: We have processed the cancellation of your Health policy no. 4177i/IBANK/416403360/00/000. The policy is cancelled with no refund as per policy terms and conditions. For any further queries call us at 18002666. Team ICICI Lombard,247,unknown,0,health,Servicing & Policy Admin,Claims Experience,Bank / Bancassurance,Process / Documentation Friction,Resignation,Medium,Policy cancelled: We have processed the cancellation of your Health policy no. 4177i/IBANK/416403360/00/000. The policy is cancelled with no refund as per policy terms and conditions. For any further queries call us at 18002666. Team ICICI Lombard,2,1,Medium
https://twitter.com/AdityaApplied/status/2025836309655491032#m,"Feb 23, 2026",you are blatantly denying and lying just to protect your sponsor stop advertising acko as the supreme insurer who helps more than any other. They are as scummy as icici lombard this is not PERSONAL I have a problem with your tactics and ur still lying bro my post has all PROOFS.,279,unknown,0,unknown,Servicing & Policy Admin,Unknown,Digital / App / Website,Misrepresentation / Incomplete Explanation,Anger,High,"User is alleging ICICI Lombard is denying and lying to protect Acko, calling them scummy and accusing them of tactics and lying, stating their post has proofs.",2,1,Medium
https://twitter.com/kmakhija43/status/2025833292168310795#m,"Feb 23, 2026","@ICICILombard I am unable to renew my health policy as your website/app constantly throws an error. Despite sending multiple emails and complaints, I have received no solution. In this era of AI, is this the level of service we should expect from ICICI Lombard?",261,unknown,1,health,Servicing & Policy Admin,Unknown,Digital / App / Website,Process / Documentation Friction,Confusion,High,"User is unable to renew health policy due to website/app error, despite multiple emails and complaints, with no solution received from ICICI Lombard.",3,4,Medium
https://twitter.com/moghly/status/2025795639779676259#m,"Feb 23, 2026",If you have a ICICI LOMBARD term insurance they will call you in the disguise of a service call and try to upsell things in a personal meeting.  I was being annoyed by such frequent calls and reached their grievance dear to have it stopped.,240,unknown,1,term,Pre-Sale Misrepresentation,Unknown,Agent / Advisor,Misrepresentation / Incomplete Explanation,Anger,Medium,"User received frequent calls from ICICI Lombard disguised as service calls to upsell in a personal meeting, and reached their grievance desk to stop them.",3,3,Medium
https://twitter.com/dhruvgoel19/status/2025591399362806157#m,"Feb 22, 2026",@ICICILombard Been 5 days since I wrote via DM & via e-mail. ICICI Lombard used to be prompt in resolving concerns. Please maintain this stance & reputation. Looking forward to hear back for claim processing,207,unknown,2,unknown,Servicing & Policy Admin,Unknown,Claims / TPA,Process / Documentation Friction,Resignation,Medium,"User has been waiting 5 days for a response via DM and email from ICICI Lombard regarding claim processing, noting a decline in their usual promptness.",4,3,Medium
https://twitter.com/HemantS44115931/status/2025464078903513448#m,"Feb 22, 2026",ICICI Lombard insurance company son glass turbochar  देने से मनाकरदियाशौरूम में .GM sar TSM sarकह रहे है कीबीमाकंपनीही क्लेम में देगी मेरीगाड़ीकोअभी3सालनहीं हुआ है natraj Mahindra काकहनाहैहम कुछ नहीं कर सकते है@anandmahindra @ICICILombard @MahindraRise @Mahindra_Auto @ncl_tweets,279,unknown,3,unknown,Servicing & Policy Admin,Unknown,Unknown,Process / Documentation Friction,Anger,High,"ICICI Lombard allegedly refused to cover car insurance claim for a son glass turbocharger, with showroom staff stating the insurance company would pay, but the vehicle is less than 3 years old.",2,2,Medium
https://twitter.com/Kumar05Aditya/status/2025082331917398109#m,"Feb 21, 2026",@MSArenaOfficial @Maruti_Corp @suzuki2wheelers @ICICILombard what the hell suzuki when purchased vehicle then provide ICICI policy and when renew by suzuki broking then first number showing ICICI Lombard after incident ICICI rejected claim also suzuki not helping anyhow.,271,unknown,1,unknown,Claims Experience,Claim Rejection,Agent / Advisor,Misrepresentation / Incomplete Explanation,Anger,High,"Customer purchased vehicle insurance from Suzuki which was an ICICI Lombard policy. ICICI Lombard rejected the claim after an incident, and Suzuki is not helping.",3,2,Medium
https://twitter.com/PraveenJain31/status/2024829233223409780#m,"Feb 20, 2026","I have suffered a loss of ₹1,55,074 while renewing my health insurance policy through ICICI Lombard.  On 14-15 Feb 2026, an individual named “Mohit Patidar” contacted me quoting Employee ID ILOM1026590, which I verified with ICICI customer care and was confirmed authentic. He possessed complete and accurate details of my policy number, family members, renewal date, and premium amount. He communicated through customersupport@icicilombardrenewal.com.  Relying on verified credentials and official-looking communication, I made two payments totaling ₹1,55,074.  But later while ensuring, on 17 Feb 2026, ICICI customer care informed me that no payment had been received and my policy was not renewed.  This incident raises extremely serious concerns about data security, internal access controls, and potential exposure of confidential policyholder information at @ICICILombard.  How was such detailed personal and policy data accessed? How did verification systems fail despite confirmation from customer care?  Despite repeated follow-ups, no resolution has been provided. For a middle-class family, ₹1.55 lakh is a significant financial loss.  I urge @ICICILombard to conduct an immediate high-level investigation and provide accountability.   I also request @IRDAI_Official @FinMinIndia @CyberDost @nsitharaman @Sandeep_Bakhshi @RBI @jagograhakjago @ICICIBank @JayThakkar22 @antony_jacob @ms_aicte @ICICIBank_Care @SEBI_India @SEBI_updates  to urgently examine this matter.  Proofs attached.",1496,unknown,1,health,Onboarding & Policy Understanding,Fraudulent Renewal,Agent / Advisor,Misrepresentation / Incomplete Explanation,Betrayal,High,"Customer lost ₹1,55,074 after renewing health insurance through ICICI Lombard. An agent with verified credentials and an official-looking email contacted the customer, took payment, but ICICI Lombard later stated no payment was received and the policy was not renewed. Customer is concerned about data security and internal access controls.",5,3,High
https://twitter.com/kumarmanish3/status/2024788499682234876#m,"Feb 20, 2026",The toll free says to talk to the manager and the manager is not ready to listen and his final words is आपको जो करना है वह करो। The agent strongly says that my case is admissible. If he mis sold the policy I need more clarity from ICICI Lombard. Till now no call from your side.,278,unknown,0,unknown,Onboarding & Policy Understanding,Mis-selling,Agent / Advisor,Misrepresentation / Incomplete Explanation,Confusion,Medium,"Customer is seeking clarity from ICICI Lombard regarding a policy that an agent strongly stated was admissible, but the customer suspects mis-selling. The manager is uncooperative.",4,3,Medium
https://twitter.com/deskawasi80/status/2023412806591385816#m,"Feb 16, 2026","I moved my mom's policy from star health to icici Lombard last year.  Within 2l3 years of paying for policy , these guys raised Prem by 65% even though the age slab(mult of 5yrs) was not in the last year.   Their support is horrible.",233,unknown,0,health,Servicing & Policy Admin,Premium Increase,Agent / Advisor,Product Design or Complexity,Anger,High,"Event: Policy renewal. Process: Customer's mom's health policy was moved to ICICI Lombard. Outcome: Premium was raised by 65% within 2-3 years despite the age slab not changing, and support was described as horrible.",2,2,Medium
https://twitter.com/TravelBluez/status/2023405032713105838#m,"Feb 16, 2026","I’ve officially reached the Find Out stage of ""F*** Around and Find Out."" 🤡  I missed renewing my Health Insurance and I am in a Soup right now  How?  I blocked every unknown number  including my insurance provider - ICICI Lombard because it would always spam me with renewal calls weeks in advance.  The Result:  Calls: Blocked and/or didn't pick up new calls tagged as Spam!  Emails: Went to the Spam folder!   Policy: Lapsed. Dead. Gone.  Now, at 45, trying to buy a new policy is a humbling experience. It’s not an application anymore, I am facing a literal interrogation.  The Insurers: Did you have a cough/cold in the past 30 days? Me: Yes!  Insurer: You are probably asthmatic with pulmonary obstruction? Can you prove that is not the case?  Why do you have back/knee pain? Is your skeleton collapsing?  Why is your BP slightly elevated? Is it because you're 45 or because you're hiding a secret heart condition?  Me: I just didn't pick up the phone, man! I'm not dying, I'm just antisocial! 😭  Apparently, at my age, ""normal health issues"" are viewed by insurance companies as ""walking liability markers.""  I've lost my continuity benefits and I'm being grilled harder than a suspect in a crime thriller.  Moral of the story: Pick up those spam calls - you never know if the joke could turn on you!  Seriously though - I am usually a very organised person with reminders but missed this one.",1400,unknown,11,health,Onboarding & Policy Understanding,Policy Lapsed,Digital / App / Website,Misrepresentation / Incomplete Explanation,Resignation,High,"Event: Missed health insurance renewal due to blocking calls and emails from ICICI Lombard. Process: Customer blocked provider's communication channels, leading to policy lapse. Outcome: Policy lapsed, and now at 45, the customer faces a difficult 'interrogation' to buy a new policy, losing continuity benefits.",3,3,Medium
https://twitter.com/dimpysansoya/status/2023233097597346212#m,"Feb 16, 2026",Icici Lombard भी बहुत अजीब से सवाल करती है एक्सीडेंट के दौरान।  मुजे पूछा गया की आप आ रहे थे के जा रहे थे?  हॉस्पिटल का ४८ घंटे का सबूत दिखाओ।  उसके बाद मैंने कभी नहीं लिया हेल्थ इन्शुरन्स। फ़्राड है सभी।,204,unknown,0,health,Servicing & Policy Admin,Claims Experience,Claims / TPA,Misrepresentation / Incomplete Explanation,Confusion,Medium,Event: Accident. Process: ICICI Lombard asked strange questions about the accident and proof of hospitalization. Outcome: Customer stopped taking health insurance.,3,2,Medium
https://twitter.com/rajeshkuma57013/status/2023074067700416622#m,"Feb 15, 2026","मैने भी icici Lombard ka annual pack liya tha Jab claim ki baat aati to उन्होंने कहा कि आप जानबूझ कर अपने को चोटिल किए है। उसके बाद मैने प्रीमियम भरना बंद कर दिया।  Star Health के कस्टमर का वीडियो वायरल है इसके पीछे का खेल समझिए  भारत में अगर Health Insurance कंपनी प्रीमियम से 100 करोड़ वसूलती है और क्लेम पर सिर्फ 10 करोड़ वापस करती है तब भी उसे रोकने का कोई नियम नहीं है....  लेकिन अमेरिका में अगर Health Insurance कंपनी, 100 करोड़ का प्रीमियम वसूले तो उसके लिए अनिवार्य है कि 80% क्लेम के रूप में वापस दे....  अगर अमेरिका में किसी कंपनी ने सिर्फ 70 फीसदी पैसा ही क्लेम के रूप में लौटाया तो उसे बाकी पैसा कस्टमर को रिफंड करना पड़ता है।",638,unknown,0,health,Servicing & Policy Admin,Claims Experience,Claims / TPA,Misrepresentation / Incomplete Explanation,Betrayal,High,"Event: Took ICICI Lombard annual pack. Process: During claim, ICICI Lombard alleged intentional self-harm. Outcome: Customer stopped paying premium.",4,2,Medium
https://twitter.com/solankisushant/status/2023069275100221826#m,"Feb 15, 2026","I always considered ICICI Lombard one of the most reliable insurers. But after watching the #Venomtech video, I’m genuinely disappointed. Trust matters in insurance, and this has seriously shaken my confidence. I hope #iciciLombard addresses these concerns transparently.#ICICI",277,unknown,1,unknown,Servicing & Policy Admin,Claims Experience,Unknown,Unknown,Disappointment,Medium,Event: Customer had a previous positive view of ICICI Lombard. Process: Watched a video (#Venomtech) that raised concerns. Outcome: Customer's confidence in ICICI Lombard is shaken.,3,3,Low
https://twitter.com/Da_Pushpendra/status/2022999194022363166#m,"Feb 15, 2026",केवल  दो ही कंपनी हैं इस समय जो कहीं तक ठीक है नीवा बुपा और HDFC एर्गो बाकी स्टार हेल्थ और केयर हेल्थ का टाइम गया अब। न इनके पास कस्टमर हैं और न ही क्लेम देने के लिए इनके पास पैसा है। Icici Lombard का मोटर इंश्योरेंस का क्लेम तो अच्छा है बाकी हेल्थ में वो पकड़ अच्छी नहीं बना पाई है अभी तक।,290,unknown,0,motor,Servicing & Policy Admin,Claims Experience,Claims / TPA,Unknown,Resignation,Medium,Event: Customer has ICICI Lombard motor insurance. Process: ICICI Lombard has good motor insurance claims. Outcome: Customer notes ICICI Lombard's health insurance is not as strong.,2,1,Low
https://twitter.com/SU2681472533651/status/2022971195252166769#m,"Feb 15, 2026","I could have been employed at ICICI Lombard for 20 years,   but I would have been rotating the same Rs. 10 crores of premium every year.   Maybe less, which got divided into other relationship managers ? Pande ?   Where are my payments ?",237,unknown,0,unknown,Servicing & Policy Admin,Unknown,Unknown,Unknown,Confusion,Medium,Event: Hypothetical 20 years of employment. Process: Rotating premium. Outcome: Unclear where payments are.,1,1,Low
https://twitter.com/2fdd9dbce44d4ae/status/2022305645035393359#m,"Feb 13, 2026","@ICICILombard @IRDAI_Official @NCH1915 It’s been 20+ days since my car insurance claim was filed and it’s not even processed yet. Endless follow-ups, zero accountability. Worst experience ever. I strongly advise people NOT to take insurance from ICICI Lombard. #worstservice",274,unknown,1,car,Claims Experience,Claims,Unknown,Process / Documentation Friction,Anger,High,"Event: Car insurance claim filed. Process: Claim not processed for over 20 days, endless follow-ups, zero accountability. Outcome: No resolution, strong advice against taking insurance from ICICI Lombard.",4,3,Medium
https://twitter.com/Er_VikasTyagi/status/2022296171939844260#m,"Feb 13, 2026","Very disappointed with the service from ICICI Lombard regarding my motor insurance claim.  Claim not rejected, but full approval is being denied without proper written justification. Every day a new excuse is given.  Request immediate intervention and fair resolution.",268,unknown,0,motor,Claims Experience,Claims,Unknown,Misrepresentation / Incomplete Explanation,Confusion,Medium,"Event: Motor insurance claim filed. Process: Claim not rejected but full approval denied without proper written justification, new excuse given daily. Outcome: Partial approval, request for immediate intervention and fair resolution.",4,3,Medium
https://twitter.com/Er_VikasTyagi/status/2022295150823919967#m,"Feb 13, 2026",Facing repeated delay & partial approval issue with ICICI Lombard motor claim. No clear explanation provided despite multiple follow-ups.  Request urgent review.  @ICICILombard @IRDAI_Official Policy No: 3005/405397572/00/000 Claim No: MOT17266811  #InsuranceClaim #CustomerRights,280,unknown,1,motor,Claims Experience,Claims,Unknown,Process / Documentation Friction,Resignation,Medium,"Event: Motor claim filed. Process: Repeated delay and partial approval, no clear explanation despite multiple follow-ups. Outcome: Partial approval, request for urgent review.",4,3,High
https://twitter.com/Rahul_MS_/status/2022235962508550395#m,"Feb 13, 2026","Congratulations on successfully making your ""comprehensive"" insurance policy completely meaningless. We paid a premium of ₹4.5 Lakhs (₹1.5L per person) for a 5-year promise of security. However, when my father actually required an emergency angioplasty, ICICI Lombard provided nothing but two weeks of silence and a baseless denial. Your ""support"" was non-existent, forcing us to pay the entire hospital bill out of pocket just to secure a discharge. It takes a special kind of corporate audacity to collect nearly half a million rupees in premiums and then vanish the moment a life-threatening emergency occurs.",612,unknown,1,health,Claims Experience,Claims,Unknown,Misrepresentation / Incomplete Explanation,Betrayal,High,"Event: Emergency angioplasty requiring use of comprehensive insurance policy. Process: ICICI Lombard provided two weeks of silence and a baseless denial after collecting a premium of ₹4.5 Lakhs. Outcome: Policy deemed meaningless, forced to pay hospital bill out of pocket.",5,1,High
https://twitter.com/ICICILombard/status/2022220955100307802#m,"Feb 13, 2026","Dear Sachin,  Thank you for contacting ICICI Lombard General Insurance Company Limited.  At the outset, we sincerely regret the inconvenience caused to you.  This in is reference to your case raised through Twitter in regard to claim number MOT171***** is under process and will be completed by 5th march.  We hope to have addressed your issue and thank you for your understanding.",381,unknown,1,health,Servicing & Policy Admin,Claims Experience,Digital / App / Website,Unknown,Resignation,Medium,Customer's claim number MOT171***** raised through Twitter is under process and will be completed by March 5th.,3,3,Medium
https://twitter.com/ICICILombard/status/2022218219583680902#m,"Feb 13, 2026","Dear Jeevan,  Thank you for contacting ICICI Lombard General Insurance Company Limited.  At the outset, we sincerely regret the inconvenience caused to you.  This is in reference to your case raised through Twitter in regard to claim number MOT171***** has been withdrawn as per policy terms & condition.  Kindly check your registered email id for claim related letter.  We hope to have addressed your issue and thank you for your understanding.",445,unknown,0,health,Servicing & Policy Admin,Claims Experience,Digital / App / Website,Process / Documentation Friction,Resignation,Medium,Customer's claim number MOT171***** raised through Twitter has been withdrawn as per policy terms and conditions.,3,3,Medium
https://twitter.com/RajivEnergy/status/2022164212194402389#m,"Feb 13, 2026","Health Proposal 4225202502232577 & 4226202502239189 Before payment I was told: Any dispute & ICICI Lombard give recording of tele-Call, but neither recording given nor ""Corrective Action taken on BLUNDER BY DOCTOR TEAM"" Your Business Processes FAILED miserably ISSUE POLICY TODAY",279,unknown,0,health,Onboarding & Policy Understanding,Claims Experience,Agent / Advisor,Misrepresentation / Incomplete Explanation,Anger,High,"Customer was told ICICI Lombard would provide tele-call recordings for disputes before payment, but recordings were not provided and corrective action was not taken on a doctor team's blunder.",2,2,Medium
https://twitter.com/DineshGhan18156/status/2021897893846958119#m,"Feb 12, 2026","ICICI Lombard – Claim No. MOT17277068 After repeated follow-ups from my side, video survey was conducted. I have been directed to take my vehicle to Ola Authorized Service Centre, Durgapur. I am fully complying with insurer instructions.@IRDAI_Official @ICICILombard",266,"Durgapur, India",2,unknown,Claims Experience,Claims Process,Claims / TPA,Process / Documentation Friction,Resignation,Medium,"Event: Vehicle damage. Process: Claim filed (MOT17277068), video survey conducted after repeated follow-ups, directed to take vehicle to Ola Authorized Service Centre. Outcome: Customer complying with insurer instructions.",3,3,Medium
